id,question,conversation_date,conversation_time,qhour,day_of_the_week
0,내일은 한가할까?,2021-05-05,2021-05-05 08:00,08,수
1,어디야?,2021-05-05,2021-05-05 08:30,08,수
2,배부르네.,2021-05-05,2021-05-05 09:00,09,수
3,배고프다.,2021-05-05,2021-05-05 09:30,09,수
4,오늘은 집중이 안되네.,2021-05-05,2021-05-05 10:00,10,수
5,오늘 좀 집중력이 떨어지네.,2021-05-05,2021-05-05 10:30,10,수
6,오늘 미세먼지 농도가 어떻게 돼?,2021-05-05,2021-05-05 11:00,11,수
7,할일이 많아서 너무 바쁘네.,2021-05-05,2021-05-05 11:30,11,수
8,곧 퇴근이야!,2021-05-05,2021-05-05 12:00,12,수
9,"응, 잘 보내고 왔지.",2021-05-05,2021-05-05 12:30,12,수
10,오늘 업무 다했어.,2021-05-05,2021-05-05 13:00,13,수
11,너무 답답해요.,2021-05-05,2021-05-05 13:30,13,수
12,그래서 아이들한테 항상 그게 좀 미안했어요.,2021-05-05,2021-05-05 14:00,14,수
13,늘상 불안하고 떨려.,2021-05-05,2021-05-05 14:30,14,수
14,한 번 우울해지면 깊게 빠지는 것 같아. 옆에서 누가 뭐라고 하면 감정이 격해지면서 울 것 같아.,2021-05-05,2021-05-05 15:00,15,수
15,이도 저도 못하니까 스스로 좀 한심하다는 생각도 해.,2021-05-05,2021-05-05 15:30,15,수
16,"살은 빠지긴 했는데, 그 이상 빠지질 않아서 스트레스에요.",2021-05-05,2021-05-05 16:00,16,수
17,"남들은 남자친구 잘만 사귀던데, 전 왜 6년째 솔로일까요?",2021-05-05,2021-05-05 16:30,16,수
18,자기 전에 꼭 화장실을 가야 마음이 편해요. 그냥 자면 자다가 소변을 지릴 것 같은 생각이 자꾸 들어서 불안해요.,2021-05-05,2021-05-05 17:00,17,수
19,한 병만 먹어야지… 하다가도 술이 들어가면 또 한 병 더 먹고… 그렇게 되는 거 같아.,2021-05-05,2021-05-05 17:30,17,수
20,저번에 엄마 아빠가 그걸로 엄청 크게 다퉜거든.,2021-05-05,2021-05-05 18:00,18,수
21,그런데 요새는 사이가 안 좋거든.,2021-05-05,2021-05-05 18:30,18,수
22,좀 자기 중심적인 면도 있어요.,2021-05-05,2021-05-05 19:00,19,수
23,그리고 인천으로 올라와서 여자친구랑 동거를 시작했어.,2021-05-05,2021-05-05 19:30,19,수
24,한 번 같이 술자리를 가진 다음에 급속도로 가까워졌어요.,2021-05-05,2021-05-05 20:00,20,수
25,첨에 그게 나타난 게 한 7년 쯤 됐나?,2021-05-05,2021-05-05 20:30,20,수
26,그러다 무슨 폐건물 이런데 가서 톱 같은 걸 들고 나한테 다가오는 거야.,2021-05-05,2021-05-05 21:00,21,수
27,점심 먹고 이 닦으러 화장실 가는데 귀에서 뭔가 삐익 소리가 들리고… 무슨 문제가 생긴건지 걱정되요.,2021-05-05,2021-05-05 21:30,21,수
28,사소한 일에도 실수가 많아진 거 같아요.,2021-05-05,2021-05-05 22:00,22,수
29,아픔이 느껴지면 이상한 생각이 안 들 거 같아서 피가 날 때까지 딱지 앉은 곳을 헤집곤 했어.,2021-05-05,2021-05-05 22:30,22,수
0,굿 모닝.,2021-05-06,2021-05-06 08:00,08,목
1,넌 뭐야?,2021-05-06,2021-05-06 08:30,08,목
2,뭐 먹지?,2021-05-06,2021-05-06 09:00,09,목
3,그거 참 좋은 생각이네.,2021-05-06,2021-05-06 09:30,09,목
4,왜 이렇게 시간이 안가지.,2021-05-06,2021-05-06 10:00,10,목
5,아니야 됐다,2021-05-06,2021-05-06 10:30,10,목
6,괜히 진짜 큰 병이면 어쩌나 싶기도 하고… 별거 아닌 걸로 병원 가는 것도 좀 그렇기도 하고.,2021-05-06,2021-05-06 11:00,11,목
7,"어휴, 그런 말은 나도 하겠네.",2021-05-06,2021-05-06 11:30,11,목
8,치매 걸리는 건 아닌가 불안하더라고요.,2021-05-06,2021-05-06 12:00,12,목
9,밥에 농약이라도 타서 죽여버리고 싶어요.,2021-05-06,2021-05-06 12:30,12,목
10,딱히 잘하는 것도 없는 거 같고… 내세울 것도 없고요.,2021-05-06,2021-05-06 13:00,13,목
11,죽고만 싶어.,2021-05-06,2021-05-06 13:30,13,목
12,작년에 다이어트로 살을 20키로 정도 뺐어.,2021-05-06,2021-05-06 14:00,14,목
13,항암 치료를 이어나가고 있긴 한데… 기대는 크지 않아.,2021-05-06,2021-05-06 14:30,14,목
14,결혼식 하고 일주일이나 지났나?,2021-05-06,2021-05-06 15:00,15,목
15,아주 어릴 때부터 머리카락 뽑는 버릇이 있었어요.,2021-05-06,2021-05-06 15:30,15,목
16,바로 옆에 있는 소변기에 누가 딱 오면 나오던 것도 들어간다고 해야 하나…,2021-05-06,2021-05-06 16:00,16,목
17,그것 때문에 너무 스트레스를 받았죠.,2021-05-06,2021-05-06 16:30,16,목
18,욕심이 많은 성격이에요.,2021-05-06,2021-05-06 17:00,17,목
19,결국 이사를 해야 했어요.,2021-05-06,2021-05-06 17:30,17,목
20,처음 사귄 남친은 저보다 8살 많았어요. 관심사가 전혀 달라서 말이 안 통했어요.,2021-05-06,2021-05-06 18:00,18,목
21,길 가다보면 이상한 종교 집단에서 나와서 전도하는 게 많잖아요.,2021-05-06,2021-05-06 18:30,18,목
22,그런데 하던 일을 갑자기 그만두기가 힘들잖아요.,2021-05-06,2021-05-06 19:00,19,목
23,버릇이 없다나 뭐라나.,2021-05-06,2021-05-06 19:30,19,목
24,근데 한 두 달전부터 자꾸 잘 잊어버리는 거에요. 핸드폰 손에 쥐고 찾는 건 기본이에요.,2021-05-06,2021-05-06 20:00,20,목
25,"몸은 진짜 피곤한데, 잠이 안와요. 누우면 계속 뒤척이고, 심장이 두근두근거려요.",2021-05-06,2021-05-06 20:30,20,목
26,반복적으로 이야기를 하는 게 저도 의식이 되거든요.,2021-05-06,2021-05-06 21:00,21,목
27,그래서 커터칼로 팔을 그었어.,2021-05-06,2021-05-06 21:30,21,목
28,엎드리거나 옆으로 누워서 자면 좀 괜찮은데 그렇게 자니까 허리가 아파.,2021-05-06,2021-05-06 22:00,22,목
29,좋다고 하는 병원들은 다 찾아갔거든?,2021-05-06,2021-05-06 22:30,22,목
0,좋은 아침.,2021-05-07,2021-05-07 08:00,08,금
1,안녕 헬퍼.,2021-05-07,2021-05-07 08:30,08,금
2,"그래, 고마워.",2021-05-07,2021-05-07 09:00,09,금
3,아침을 안 먹었더니 배가 고프네.,2021-05-07,2021-05-07 09:30,09,금
4,집중이 안돼.,2021-05-07,2021-05-07 10:00,10,금
5,지친다 오늘.,2021-05-07,2021-05-07 10:30,10,금
6,앞으로 집은 어떻게 사나 싶어요.,2021-05-07,2021-05-07 11:00,11,금
7,계속 이러다 보니까 이런 게 다 무슨 소용인가 싶기도 하고…,2021-05-07,2021-05-07 11:30,11,금
8,옥상에 올라가서 찬바람을 맞으니까 정신이 확 들었어요.,2021-05-07,2021-05-07 12:00,12,금
9,무조건 굶어서 뺀 건 아니고 운동도 하고 식이도 했지.,2021-05-07,2021-05-07 12:30,12,금
10,계속 공모전을 도전하긴 하는데 잘 안 되는 거 같아.,2021-05-07,2021-05-07 13:00,13,금
11,남편 집안 사정이 별로 안 좋아요.,2021-05-07,2021-05-07 13:30,13,금
12,결혼 초창기부터 남편과 사이가 다정하지는 않았어요.,2021-05-07,2021-05-07 14:00,14,금
13,그냥 저의 문제인 거죠.,2021-05-07,2021-05-07 14:30,14,금
14,사고가 좀 있었어.,2021-05-07,2021-05-07 15:00,15,금
15,뭔가 느낌이 이상해서 어디갔냐고 난리치니까 사나운 애를 어떻게 계속 두냐고…,2021-05-07,2021-05-07 15:30,15,금
16,"어렸을 때 내가 자는 걸 보고 엄마가 잠깐 외출했는데, 그 사이에 내가 깬 거야.",2021-05-07,2021-05-07 16:00,16,금
17,"이제는 맥주가지고는 안 되고, 소주 한 병은 먹어야 잠을 잘 수 있어.",2021-05-07,2021-05-07 16:30,16,금
18,서초동 쪽에 마음에 드는 집이 있어서 계약을 했지.,2021-05-07,2021-05-07 17:00,17,금
19,나한테 무슨 이상이 있는 건 아닐까?,2021-05-07,2021-05-07 17:30,17,금
20,얼마 전부터 친구 따라 교회에 다니기 시작했어.,2021-05-07,2021-05-07 18:00,18,금
21,"어제는 우연하게 동네 친구를 만났는데, 너 아직 호주에 있는 거 아니었냐고 묻는 거야.",2021-05-07,2021-05-07 18:30,18,금
22,친구도 뭐… 그냥 형식적인 사이고…,2021-05-07,2021-05-07 19:00,19,금
23,"회사에서 야근을 많이 하는 것도 아닌데, 난 왜 이렇게 피곤할까?",2021-05-07,2021-05-07 19:30,19,금
24,그 남자 무서운 눈빛 같은 게… 자꾸 눈앞에 어른거리고.,2021-05-07,2021-05-07 20:00,20,금
25,근데 그걸 먹고나서부터 속이 너무 쓰린 거야.,2021-05-07,2021-05-07 20:30,20,금
26,휴학하고 나서 계속 집에 있었어요.,2021-05-07,2021-05-07 21:00,21,금
27,새벽에 먹고 싶은 거 다 시켜서 배 터질 것 같아도 먹었어요.,2021-05-07,2021-05-07 21:30,21,금
28,학교에서도 애들 얘기하고 있으면 내 욕 하냐고 막 싸우고 그랬어요.,2021-05-07,2021-05-07 22:00,22,금
29,할 수 없어서 대학병원에 입원해서 정밀검사를 해봤어.,2021-05-07,2021-05-07 22:30,22,금
0,내일은 좀 덜 바쁘려나?,2021-05-08,2021-05-08 08:00,08,토
1,배부르다.,2021-05-08,2021-05-08 08:30,08,토
2,밖이 화창해 보이네.,2021-05-08,2021-05-08 09:00,09,토
3,그럼 너는 할 수 있어,2021-05-08,2021-05-08 09:30,09,토
4,좋은 환경에 있어도 잘될까 말까 하는데… 이런 환경에서 사람답게 살 수 있을까?,2021-05-08,2021-05-08 10:00,10,토
5,딸 걱정 때문에 다른 일도 잘 못 하겠어.,2021-05-08,2021-05-08 10:30,10,토
6,원래 새 봐도 별 느낌이 없었거든.,2021-05-08,2021-05-08 11:00,11,토
7,기차에서 내려서 서울 시내로 가잖아? 그럼 더 답답해.,2021-05-08,2021-05-08 11:30,11,토
8,"내 직업이 사람 만나는 일인데, 너무 당황이 되는 거야.",2021-05-08,2021-05-08 12:00,12,토
9,하루가 멍하게 지나가는 것 같아요.,2021-05-08,2021-05-08 12:30,12,토
10,원하는 과에 드디어 들어갈 수 있게 되서 너무 좋아.,2021-05-08,2021-05-08 13:00,13,토
11,다른 사람이랑 마실 때도 있었는데 혼자 마실 때가 많았어요.,2021-05-08,2021-05-08 13:30,13,토
12,원래 소변볼 때 누가 옆에 있으면 신경을 많이 쓰는 편이긴 했어요.,2021-05-08,2021-05-08 14:00,14,토
13,"방학 때나 가끔 올라와서 병원에 가서 엄마를 만나고 오긴 해요. 근데 별 감정도, 느낌도 없어요.",2021-05-08,2021-05-08 14:30,14,토
14,이상이 있나 싶어서 병원에 가보려고 했는데 아빠가 그러다 말 거라고 그런 걸로 왜 병원에 가냐고 그러더라고요.,2021-05-08,2021-05-08 15:00,15,토
15,사고가 좀 있었어.,2021-05-08,2021-05-08 15:30,15,토
16,머리도 식힐 겸 좋은 기회라고 생각해서 신청을 했어.,2021-05-08,2021-05-08 16:00,16,토
17,운이 나쁜 날에는 맞을 때도 있어요.,2021-05-08,2021-05-08 16:30,16,토
18,애기들한테 영어 가르치는 알바를 소개 받았어요.,2021-05-08,2021-05-08 17:00,17,토
19,차라리 학교 다닐 때가 나았다 싶어요. 친구들도 자주 못 보고.,2021-05-08,2021-05-08 17:30,17,토
20,학교 가는 데에만 2시간씩 걸리는 게 너무 아까운 거야.,2021-05-08,2021-05-08 18:00,18,토
21,고1때 자퇴했어.,2021-05-08,2021-05-08 18:30,18,토
22,여전한데 그냥 안 가고 있어.,2021-05-08,2021-05-08 19:00,19,토
23,일주일에 세 번 정도 가슴이 미친 듯이 뛰어요.,2021-05-08,2021-05-08 19:30,19,토
24,수업 빠지면 뭐… 아침에 내내 잠만 자는 거지.,2021-05-08,2021-05-08 20:00,20,토
25,계속 불면 중이에요.,2021-05-08,2021-05-08 20:30,20,토
26,"자위도 혼자 처음 해보고, 성적인 욕구가 는 것 같아요.",2021-05-08,2021-05-08 21:00,21,토
27,"한 번은 속이 쓰려서 새벽에 깼는데, 남편은 너무 평화롭게 잘 자는 거야.",2021-05-08,2021-05-08 21:30,21,토
28,모든 사람들이 다 내 흉을 보는 것 같은거에요.,2021-05-08,2021-05-08 22:00,22,토
29,한 발자국도 못 움직일 것 같고 온몸에 힘이 빠지고…,2021-05-08,2021-05-08 22:30,22,토
0,점심이 너무 맛없었어.,2021-05-09,2021-05-09 08:00,08,일
1,오늘 시간이 너무 안가네.,2021-05-09,2021-05-09 08:30,08,일
2,너는 오늘 기분 어때?,2021-05-09,2021-05-09 09:00,09,일
3,몸이 쑤셔,2021-05-09,2021-05-09 09:30,09,일
4,더 이상 내 감정을 내가 컨트롤 못 하겠어.,2021-05-09,2021-05-09 10:00,10,일
5,요즘 그런 생각이 들어. 뭘 위해서 사는 걸까….,2021-05-09,2021-05-09 10:30,10,일
6,작년부터는 더 불안해졌어요.,2021-05-09,2021-05-09 11:00,11,일
7,이번에도 그렇게 하루 이틀 지나면 기분이 나아질 거라고 생각했는데…,2021-05-09,2021-05-09 11:30,11,일
8,근데 선생님이 정신과 상담 권유하셔서… 그래서 와 봤어요.,2021-05-09,2021-05-09 12:00,12,일
9,나갔다가 들어왔더니 엄마가 뭐라는 줄 알아?,2021-05-09,2021-05-09 12:30,12,일
10,형은 내년에 입대한다.,2021-05-09,2021-05-09 13:00,13,일
11,입학하고 나서 처음으로 남자친구가 생겼어.,2021-05-09,2021-05-09 13:30,13,일
12,원하는 대학에 못 가서 재수를 했어요.,2021-05-09,2021-05-09 14:00,14,일
13,"20살 때, 대학 안 가고 공장에서 일했거든요. 아빠가 한 이틀 안 들어오는 거에요.",2021-05-09,2021-05-09 14:30,14,일
14,내가 성질이 좀 예민해.,2021-05-09,2021-05-09 15:00,15,일
15,하루종일 시어머니랑 같이 있으려니 숨이 다 막혀요.,2021-05-09,2021-05-09 15:30,15,일
16,시험 공부 하느라 밤 늦게 집에 들어갔는데 모리가 없는 거야.,2021-05-09,2021-05-09 16:00,16,일
17,"과CC였는데, 좀 안 좋게 헤어졌어.",2021-05-09,2021-05-09 16:30,16,일
18,지금 삼성전자에 다녀.,2021-05-09,2021-05-09 17:00,17,일
19,다른 애들도 다 졸고 있는데 저한테만 왜 자냐고 혼내키고…,2021-05-09,2021-05-09 17:30,17,일
20,학교에 등록은 해놓고 1학기는 거의 안 나갔어요.,2021-05-09,2021-05-09 18:00,18,일
21,고2 때 왕따를 당했어요.,2021-05-09,2021-05-09 18:30,18,일
22,가슴에 돌덩이 올려놓은 것처럼 답답하고…,2021-05-09,2021-05-09 19:00,19,일
23,자꾸 그 생각만 하면 가슴이 쿵쿵 뛰는 것 같아요.,2021-05-09,2021-05-09 19:30,19,일
24,특별히 뭐 잘 못 먹은 것도 아닌데 속이 안 좋아요.,2021-05-09,2021-05-09 20:00,20,일
25,기운도 하나도 없고 하고 싶은 일도 없고. 그냥 무슨 욕구 같은 게 없고…,2021-05-09,2021-05-09 20:30,20,일
26,발작증상은 반년에 한번 정도 오는 것 같아.,2021-05-09,2021-05-09 21:00,21,일
27,가끔씩 내가 내가 아닌 느낌이 들어.,2021-05-09,2021-05-09 21:30,21,일
28,누가 제 머리 위에 맨홀 뚜껑을 올리고 꾹 누르는 느낌이에요.,2021-05-09,2021-05-09 22:00,22,일
29,"작년에 공부한다고 도서관에 갔다 집으로 돌아왔는데, 현관 들어서자마자 숨이 턱 막혔어요.",2021-05-09,2021-05-09 22:30,22,일
0,"응, 그게 나을 것 같아.",2021-05-10,2021-05-10 08:00,08,월
1,아침을 안 먹었더니 배가 고프네.,2021-05-10,2021-05-10 08:30,08,월
2,점심으로 뭐 먹는게 좋을까?,2021-05-10,2021-05-10 09:00,09,월
3,짜장면 좋지.,2021-05-10,2021-05-10 09:30,09,월
4,"헬퍼, 너 뭐해?",2021-05-10,2021-05-10 10:00,10,월
5,오늘 업무 다했어.,2021-05-10,2021-05-10 10:30,10,월
6,밖에 기온 좀 알려줘.,2021-05-10,2021-05-10 11:00,11,월
7,그렇게 몇 개월 다니다 보니까 사람 할 짓이 못되더라고요.,2021-05-10,2021-05-10 11:30,11,월
8,차에 타면 뛰어내리고 싶을 정도야.,2021-05-10,2021-05-10 12:00,12,월
9,내일이 없었으면 좋겠다고 생각해.,2021-05-10,2021-05-10 12:30,12,월
10,나보다 못 했던 사람들 다 붙었는데… 내가 운이 너무 안 좋은 거 같다는 생각도 들어.,2021-05-10,2021-05-10 13:00,13,월
11,너무 외로워요.,2021-05-10,2021-05-10 13:30,13,월
12,사람이 언제 홱 바뀔지 모르니까 항상 초조하지.,2021-05-10,2021-05-10 14:00,14,월
13,나이 마흔 둘인데 아직 결혼 안 했어.,2021-05-10,2021-05-10 14:30,14,월
14,3월에 영장이 나와서 입대했어요.,2021-05-10,2021-05-10 15:00,15,월
15,입학하고 나서 처음으로 남자친구가 생겼어.,2021-05-10,2021-05-10 15:30,15,월
16,남친한테 먼저 헤어지자고 했어.,2021-05-10,2021-05-10 16:00,16,월
17,그런데 요새는 사이가 안 좋거든.,2021-05-10,2021-05-10 16:30,16,월
18,"나이 들면서 마시는 양이 더 늘었어요. 하루에 한 번은 꼭 먹고, 많이 먹으면 혼자 4병까지도 먹었어요.",2021-05-10,2021-05-10 17:00,17,월
19,"잡지 기자로 일하고 있는데, 다른 건 다 괜찮아.",2021-05-10,2021-05-10 17:30,17,월
20,"어제는 우연하게 동네 친구를 만났는데, 너 아직 호주에 있는 거 아니었냐고 묻는 거야.",2021-05-10,2021-05-10 18:00,18,월
21,버릇이 없다나 뭐라나.,2021-05-10,2021-05-10 18:30,18,월
22,내일은 좀 낫겠지 내일은 좀 낫겠지 싶었는데 계속 똑같아.,2021-05-10,2021-05-10 19:00,19,월
23,병원에 가봐야 할까요?,2021-05-10,2021-05-10 19:30,19,월
24,어쩔 때는 사람을 막 패고 싶기도 해.,2021-05-10,2021-05-10 20:00,20,월
25,사는 게 의미가 없어.,2021-05-10,2021-05-10 20:30,20,월
26,잠자리에 누우면 쓸데없는 생각만 들어요.,2021-05-10,2021-05-10 21:00,21,월
27,계속 불면 중이에요.,2021-05-10,2021-05-10 21:30,21,월
28,휴학하고 나서 계속 집에 있었어요.,2021-05-10,2021-05-10 22:00,22,월
29,온몸이 쑤셔서 죽겠어.,2021-05-10,2021-05-10 22:30,22,월
0,안녕.,2021-05-11,2021-05-11 08:00,08,화
1,"응, 그래야겠다.",2021-05-11,2021-05-11 08:30,08,화
2,너무 잘 먹고왔어.,2021-05-11,2021-05-11 09:00,09,화
3,집중력이 흐려지는 것 같아.,2021-05-11,2021-05-11 09:30,09,화
4,너는 로봇이니?,2021-05-11,2021-05-11 10:00,10,화
5,오늘 날씨 어때?,2021-05-11,2021-05-11 10:30,10,화
6,오늘은 제때 칼퇴 해야지.,2021-05-11,2021-05-11 11:00,11,화
7,학자금은 언제 다 갚나… 아직도 몇 년은 더 남았는데…,2021-05-11,2021-05-11 11:30,11,화
8,식당 아줌마로 늙어가는게 한심스럽게 느껴지고…,2021-05-11,2021-05-11 12:00,12,화
9,나도 모르게 화를 낼 때도 있어요.,2021-05-11,2021-05-11 12:30,12,화
10,선생님이 정신과 한 번 가보라고 하셔서 오긴 왔어요.,2021-05-11,2021-05-11 13:00,13,화
11,올해도 봄이 되니까 눈이 딱 가렵더라고요.,2021-05-11,2021-05-11 13:30,13,화
12,주변에 별로 사귀고 싶은 사람이 없어.,2021-05-11,2021-05-11 14:00,14,화
13,남편이 갑자기 나한테 고백할 게 있다고 하더라.,2021-05-11,2021-05-11 14:30,14,화
14,남편 그 인간 분명 돈 빼돌려서 자기네 식구들한테 줬다니까.,2021-05-11,2021-05-11 15:00,15,화
15,사람들이 이해를 못 해줘요.,2021-05-11,2021-05-11 15:30,15,화
16,남편이 사업 말아먹고 나서는 계속 경제적으로 어려웠어.,2021-05-11,2021-05-11 16:00,16,화
17,그래서 평일에는 영어 학원 나가.,2021-05-11,2021-05-11 16:30,16,화
18,내가 그런 불합리한 일에 참을 사람이 아니지.,2021-05-11,2021-05-11 17:00,17,화
19,내 성격이 원래 급하긴 해.,2021-05-11,2021-05-11 17:30,17,화
20,"오빠나 엄마는 싫어하고, 반대했는데, 내가 다 알아서 한다고 하고 겨우 집에서 키우고 있었거든.",2021-05-11,2021-05-11 18:00,18,화
21,"주변 사람들이 그만 마시라고 좀 말리는 편인데… 아니, 뭐 술 먹고 뒈져도 내가 뒈지지, 지들이 뒈지나?",2021-05-11,2021-05-11 18:30,18,화
22,회사에서 일하는데 갑자기 가슴이 찌릿 통증이 오는 거에요.,2021-05-11,2021-05-11 19:00,19,화
23,제 몸에 무슨 문제가 있는 거 아닐까요?,2021-05-11,2021-05-11 19:30,19,화
24,저녁에 머리가 제일 많이 아파.,2021-05-11,2021-05-11 20:00,20,화
25,그게 어떻게 모은 돈인데… 그때 일만 생각하면 잠도 안 와.,2021-05-11,2021-05-11 20:30,20,화
26,점심 먹고 이 닦으러 화장실 가는데 귀에서 뭔가 삐익 소리가 들리고… 무슨 문제가 생긴건지 걱정되요.,2021-05-11,2021-05-11 21:00,21,화
27,인지능력도 떨어진 것 같아.,2021-05-11,2021-05-11 21:30,21,화
28,그래서 한참동안 소파에 앉아서 숨만 골랐어요. 죽을 것 같아서.,2021-05-11,2021-05-11 22:00,22,화
29,체력도 계속 떨어져서 힘들어.,2021-05-11,2021-05-11 22:30,22,화
0,너는 여자니?,2021-05-12,2021-05-12 08:00,08,수
1,너 이름 알려줘.,2021-05-12,2021-05-12 08:30,08,수
2,밥이 맛 없어서 얼마 못먹었어.,2021-05-12,2021-05-12 09:00,09,수
3,오늘은 뭐 먹지?,2021-05-12,2021-05-12 09:30,09,수
4,그럭저럭.,2021-05-12,2021-05-12 10:00,10,수
5,재밌는 친구야,2021-05-12,2021-05-12 10:30,10,수
6,선생님은 수술 잘됐다고 안심하라고 하는데 밤만 되면 나도 병이 재발하는 게 아닌가 싶고…,2021-05-12,2021-05-12 11:00,11,수
7,그래서 많이 울었어요.,2021-05-12,2021-05-12 11:30,11,수
8,자기 몸 아니라고 약도 아무렇게나 지어주는 것 같아. 도대체가 사명감이란게 없어!,2021-05-12,2021-05-12 12:00,12,수
9,"그래 뭐, 혼자 다녀도 되지 라는 생각으로 혼자 다니는데, 신경이 안 쓰일 수가 없더라.",2021-05-12,2021-05-12 12:30,12,수
10,집에 늘어져 있으니까 아무것도 하기 싫어요.,2021-05-12,2021-05-12 13:00,13,수
11,나갔다가 들어왔더니 엄마가 뭐라는 줄 알아?,2021-05-12,2021-05-12 13:30,13,수
12,무조건 굶어서 뺀 건 아니고 운동도 하고 식이도 했지.,2021-05-12,2021-05-12 14:00,14,수
13,3월에 영장이 나와서 입대했어요.,2021-05-12,2021-05-12 14:30,14,수
14,남편이랑 다투는 일이 많아졌어.,2021-05-12,2021-05-12 15:00,15,수
15,다시 합치기엔 너무 멀리 온것 같구… 그래도 이렇게 가끔 친구처럼 연락하고 지낼 수 있어서 다행이야.,2021-05-12,2021-05-12 15:30,15,수
16,"엄마, 아빠는 제가 어렸을 때 이혼했어요.",2021-05-12,2021-05-12 16:00,16,수
17,그때부터 더 이상 운전을 할 수가 없었어.,2021-05-12,2021-05-12 16:30,16,수
18,바로 내려서 의자에 앉아서 쉬니까 좀 낫더라고요.,2021-05-12,2021-05-12 17:00,17,수
19,시아주버니가 문제가 많은 사람이었어.,2021-05-12,2021-05-12 17:30,17,수
20,고양이가 물거나 할퀼 수도 있지 않나?,2021-05-12,2021-05-12 18:00,18,수
21,작년부터 우울증 증세가 있었어요.,2021-05-12,2021-05-12 18:30,18,수
22,"계속 모니터 화면 보고 확인하고, 체크하고…",2021-05-12,2021-05-12 19:00,19,수
23,"어디 산다더라, 뭘 입는다더라, 뭘 먹었다더라, 무슨 머리를 했다더라, 그런 거요.",2021-05-12,2021-05-12 19:30,19,수
24,잠을 자도 개운하지가 않았어요.,2021-05-12,2021-05-12 20:00,20,수
25,생리가 규칙적이지 않아요.,2021-05-12,2021-05-12 20:30,20,수
26,친구들이랑 대화를 할 때도 단어가 잘 안 떠올라.,2021-05-12,2021-05-12 21:00,21,수
27,집에서 술을 잔뜩 마시고 홧김에 옥상에 올라갔어요.,2021-05-12,2021-05-12 21:30,21,수
28,몸무게는 그대로인데 체력은 엄청 떨어졌어.,2021-05-12,2021-05-12 22:00,22,수
29,병원 가서 검사해봐도 별 문제가 없다는데 왜 이러는지 모르겠어요.,2021-05-12,2021-05-12 22:30,22,수
0,"응, 좀 쉬었다가 할게.",2021-05-13,2021-05-13 08:00,08,목
1,배고프다.,2021-05-13,2021-05-13 08:30,08,목
2,저기.,2021-05-13,2021-05-13 09:00,09,목
3,점심으로 뭐 먹는게 좋을까?,2021-05-13,2021-05-13 09:30,09,목
4,그거 좋은 생각이다.,2021-05-13,2021-05-13 10:00,10,목
5,시간이 너무 안가는 것 같아.,2021-05-13,2021-05-13 10:30,10,목
6,미팅이 가득이네.,2021-05-13,2021-05-13 11:00,11,목
7,무슨 생각해?,2021-05-13,2021-05-13 11:30,11,목
8,하루종일 오르락내리락 롤러코스터 타는 기분이에요.,2021-05-13,2021-05-13 12:00,12,목
9,평생 이렇게 살아야할까봐 걱정이야.,2021-05-13,2021-05-13 12:30,12,목
10,외롭다는 생각도 모르고 그냥 적응하고 살았는데… 가끔은 내 인생은 왜 이럴까..서글프게 느껴져요.,2021-05-13,2021-05-13 13:00,13,목
11,멀리서 걸어오는 사람만 봐도 가슴이 두근거리고 긴장이 되더라고요. 정말 큰일이에요.,2021-05-13,2021-05-13 13:30,13,목
12,처음엔 배신감이 들었죠.,2021-05-13,2021-05-13 14:00,14,목
13,평소 때도 늘 불안하고 떨려.,2021-05-13,2021-05-13 14:30,14,목
14,누가 콕 찌르면 울 거 같은 느낌.,2021-05-13,2021-05-13 15:00,15,목
15,부끄럽고 창피해서 목을 계속 손으로 가리게 돼.,2021-05-13,2021-05-13 15:30,15,목
16,혼자 공부할 때 머리카락을 뽑는 습관이 있어.,2021-05-13,2021-05-13 16:00,16,목
17,두 분이서 같이 장사를 하셨었거든요.,2021-05-13,2021-05-13 16:30,16,목
18,친구들이랑 기분전환 삼아 일본에 놀러 갈 때까지만 해도 괜찮았거든요.,2021-05-13,2021-05-13 17:00,17,목
19,원래 성격이 자립적이야.,2021-05-13,2021-05-13 17:30,17,목
20,초등학교 때 다른 애들보다 키도 크고 좀 성숙했거든.,2021-05-13,2021-05-13 18:00,18,목
21,어렸을 때 집안 형편이 진짜 안 좋았어요.,2021-05-13,2021-05-13 18:30,18,목
22,여자친구는 만난 지 2년 정도 됐는데… 포항에 있거든요.,2021-05-13,2021-05-13 19:00,19,목
23,6개월이 지난 상태라 거의 출산에 맞먹을 정도로 몸에 무리가 많이 간다고 하더라구.,2021-05-13,2021-05-13 19:30,19,목
24,지금 삼성전자에 다녀.,2021-05-13,2021-05-13 20:00,20,목
25,"학교를 잘 안 나가니까, 출석미달로 뜬 수업이 많았어요.",2021-05-13,2021-05-13 20:30,20,목
26,사람 많은 곳도 별로 안 좋아해요.,2021-05-13,2021-05-13 21:00,21,목
27,식욕이 뚝 떨어져서 한 달에 3키로가 한꺼번에 빠졌어.,2021-05-13,2021-05-13 21:30,21,목
28,잘 나가지도 않고… 아주 가끔 필요한 거 있을 때만 나갔어요.,2021-05-13,2021-05-13 22:00,22,목
29,거울 속의 내가 낯설게 느껴져.,2021-05-13,2021-05-13 22:30,22,목
0,날씨가 좋으니까 기분도 좋다.,2021-05-14,2021-05-14 08:00,08,금
1,오늘 점심 너무 별로더라.,2021-05-14,2021-05-14 08:30,08,금
2,뭐 먹지?,2021-05-14,2021-05-14 09:00,09,금
3,오늘은 뭐 먹지?,2021-05-14,2021-05-14 09:30,09,금
4,퇴근해야겠어.,2021-05-14,2021-05-14 10:00,10,금
5,물론이지 할 수 있어,2021-05-14,2021-05-14 10:30,10,금
6,나도 혈압이 높은 편인데… 요즘 몸도 안 좋고 해서 자꾸 걱정이 되네..,2021-05-14,2021-05-14 11:00,11,금
7,또 그런 증상이 나타날까 봐 걱정되네요.,2021-05-14,2021-05-14 11:30,11,금
8,그거 때문에 괴로워서 미칠 거 같아요.,2021-05-14,2021-05-14 12:00,12,금
9,사람이 많은 자리라서 그런지 굉장히 갑갑하게 느껴졌어.,2021-05-14,2021-05-14 12:30,12,금
10,그때 뭔가 속은 기분이 들었어요.,2021-05-14,2021-05-14 13:00,13,금
11,아파서 그런지 자주 불쾌해져요.,2021-05-14,2021-05-14 13:30,13,금
12,요즘 보통 다 종이로 안 받잖아? 근데 이건 뭔가 했지.,2021-05-14,2021-05-14 14:00,14,금
13,"학원에서 만난 남자가 고백해서 한 3개월 정도 만나고, 안 맞아서 끝냈거든.",2021-05-14,2021-05-14 14:30,14,금
14,사람들이 이해를 못 해줘요.,2021-05-14,2021-05-14 15:00,15,금
15,결국 휴학했죠 뭐. 계속 집에 있었어요.,2021-05-14,2021-05-14 15:30,15,금
16,맥주를 매일 기본 5캔은 먹는 거 같아요.,2021-05-14,2021-05-14 16:00,16,금
17,남편은 지금 중개사 공부하고 있고… 내가 주도해서 부동산을 운영하고 있어.,2021-05-14,2021-05-14 16:30,16,금
18,내가 좀 성격이 급해.,2021-05-14,2021-05-14 17:00,17,금
19,학교 다닐 때부터 그랬던 것 같아요. 남한테 싫은 소리 듣기 싫어서 엄청 신경쓰면서 살았던 것 같아요.,2021-05-14,2021-05-14 17:30,17,금
20,"계속 모니터 화면 보고 확인하고, 체크하고…",2021-05-14,2021-05-14 18:00,18,금
21,결국 요양원에 모시고 다시 일을 구하고 있는데 생각처럼 일이 안 잡혀.,2021-05-14,2021-05-14 18:30,18,금
22,새벽에 일어나서 화장실을 가는데 갑자기 힘이 쫙 풀리면서 쿵 하고 쓰러졌어요.,2021-05-14,2021-05-14 19:00,19,금
23,기절하는 줄 알았어요.,2021-05-14,2021-05-14 19:30,19,금
24,잠을 많이 자면 많이 잔 대로 피곤하고… 적게 자면 적게 자는 대로 피곤해요.,2021-05-14,2021-05-14 20:00,20,금
25,그 남자 무서운 눈빛 같은 게… 자꾸 눈앞에 어른거리고.,2021-05-14,2021-05-14 20:30,20,금
26,거울 속의 내가 낯설게 느껴져.,2021-05-14,2021-05-14 21:00,21,금
27,선생님이 날 미워해서 사사건건 감시한다고 생각해서 수업시간에 소리지르고…,2021-05-14,2021-05-14 21:30,21,금
28,온 몸에 힘이 풀리더라구요.,2021-05-14,2021-05-14 22:00,22,금
29,그래서 고등학생 때부터 병원에서 약 타서 먹었어.,2021-05-14,2021-05-14 22:30,22,금
0,아 배불러.,2021-05-15,2021-05-15 08:00,08,토
1,점심으로 뭐 먹는게 좋을까?,2021-05-15,2021-05-15 08:30,08,토
2,짜장면 괜찮다.,2021-05-15,2021-05-15 09:00,09,토
3,"응, 좋은 하루.",2021-05-15,2021-05-15 09:30,09,토
4,무슨 상상?,2021-05-15,2021-05-15 10:00,10,토
5,아니야,2021-05-15,2021-05-15 10:30,10,토
6,아니 안 좋아해,2021-05-15,2021-05-15 11:00,11,토
7,기운이 없어,2021-05-15,2021-05-15 11:30,11,토
8,괜히 진짜 큰 병이면 어쩌나 싶기도 하고… 별거 아닌 걸로 병원 가는 것도 좀 그렇기도 하고.,2021-05-15,2021-05-15 12:00,12,토
9,"또 크게 어지럼증이 느껴져서 쓰러지기라도 하면 어떡하나, 큰일이 나면 어쩌나 싶더라구.",2021-05-15,2021-05-15 12:30,12,토
10,그렇게 몇 개월 다니다 보니까 사람 할 짓이 못되더라고요.,2021-05-15,2021-05-15 13:00,13,토
11,너무 답답해요.,2021-05-15,2021-05-15 13:30,13,토
12,"다시 공황 증상이 올까봐 불안하긴 했는데, 버스를 아예 못 타는 건 아니야.",2021-05-15,2021-05-15 14:00,14,토
13,내 꼴이 그렇게 백수 같은가…,2021-05-15,2021-05-15 14:30,14,토
14,식당 아줌마로 늙어가는게 한심스럽게 느껴지고…,2021-05-15,2021-05-15 15:00,15,토
15,그래서 이거 상담 차 한 번 와봤어요.,2021-05-15,2021-05-15 15:30,15,토
16,내가 눈이 높은 것도 아닌데… 괜찮은 사람이 없네.,2021-05-15,2021-05-15 16:00,16,토
17,"둘이 싸우는 건 종종 봐서 별 느낌 없는데, 요 며칠 좀 심각하게 싸우는 것 같았어.",2021-05-15,2021-05-15 16:30,16,토
18,대학교 다닐 때 엄청 마셨죠. 근데 저는 술자리가 좋다기보다는 술 자체가 좋아요.,2021-05-15,2021-05-15 17:00,17,토
19,진짜 난 안 되나 보다… 싶을 때 지금 회사에서 연락이 왔어요.,2021-05-15,2021-05-15 17:30,17,토
20,"고등학교 때는 친구들이랑 별 문제 없이 잘 지냈는데, 선생님과 사이가 안 좋았어요.",2021-05-15,2021-05-15 18:00,18,토
21,가슴에 돌덩이 올려놓은 것처럼 답답하고…,2021-05-15,2021-05-15 18:30,18,토
22,손에 잡히는 거 아무거나 잡아가지고 한바탕 난리를 부렸어.,2021-05-15,2021-05-15 19:00,19,토
23,"몸은 진짜 피곤한데, 잠이 안와요. 누우면 계속 뒤척이고, 심장이 두근두근거려요.",2021-05-15,2021-05-15 19:30,19,토
24,머리 위에 꼭 누가 바위라도 얹어놓은 것 같아요.,2021-05-15,2021-05-15 20:00,20,토
25,발작증상은 반년에 한번 정도 오는 것 같아.,2021-05-15,2021-05-15 20:30,20,토
26,"중간 쯤 되는 자리에 앉아서 수업을 듣는데, 목이 너무 떨려서 꼭 머리가 떨어질 거 같은 거예요.",2021-05-15,2021-05-15 21:00,21,토
27,잘 나가지도 않고… 아주 가끔 필요한 거 있을 때만 나갔어요.,2021-05-15,2021-05-15 21:30,21,토
28,"작년에 공부한다고 도서관에 갔다 집으로 돌아왔는데, 현관 들어서자마자 숨이 턱 막혔어요.",2021-05-15,2021-05-15 22:00,22,토
29,숨이 안 쉬어지고 갑갑해요.,2021-05-15,2021-05-15 22:30,22,토
0,너는 어디에 살아?,2021-05-16,2021-05-16 08:00,08,일
1,너 이름은 어떻게 돼?,2021-05-16,2021-05-16 08:30,08,일
2,아 잘먹고왔다.,2021-05-16,2021-05-16 09:00,09,일
3,벌써 배고프다.,2021-05-16,2021-05-16 09:30,09,일
4,밖에 비 오니?,2021-05-16,2021-05-16 10:00,10,일
5,오늘은 더우니까 냉면을 먹어야겠어.,2021-05-16,2021-05-16 10:30,10,일
6,잘 못알아 듣는구나,2021-05-16,2021-05-16 11:00,11,일
7,응 좋아해,2021-05-16,2021-05-16 11:30,11,일
8,주변 사람들은 제가 너무 걱정이 많다고 하는데 모르겠어요.,2021-05-16,2021-05-16 12:00,12,일
9,기분이 계속 다운된 상태였어요.,2021-05-16,2021-05-16 12:30,12,일
10,일이 해도해도 끝이 없으니까 눈물이 날 정도였어요.,2021-05-16,2021-05-16 13:00,13,일
11,눈앞이 깜깜할 때도 있어요.,2021-05-16,2021-05-16 13:30,13,일
12,"나한테, 왜 하필 나한테 이런 일이 일어나나 싶고…",2021-05-16,2021-05-16 14:00,14,일
13,우울감이 이렇게 길게 이어진 적이 없어요.,2021-05-16,2021-05-16 14:30,14,일
14,내가 힘을 안 내고 싶은 게 아니잖아요.,2021-05-16,2021-05-16 15:00,15,일
15,그래도 조마조마할 때가 있긴 해…,2021-05-16,2021-05-16 15:30,15,일
16,남자친구한테 집착하는 편이야.,2021-05-16,2021-05-16 16:00,16,일
17,남편 벌어오는 돈도 시원찮고...,2021-05-16,2021-05-16 16:30,16,일
18,원하는 대학에 또 떨어지고… 좀 더 좋다고 하는 재수학원에 다녔어요.,2021-05-16,2021-05-16 17:00,17,일
19,몸이 너무 불어난 거 같아서 겨울부터 운동을 다니고 있어요.,2021-05-16,2021-05-16 17:30,17,일
20,고양이가 물거나 할퀼 수도 있지 않나?,2021-05-16,2021-05-16 18:00,18,일
21,아기가 중간에 잘못돼서 임신중절 수술을 받았어.,2021-05-16,2021-05-16 18:30,18,일
22,"대학 졸업하고, 1년 동안 지겹게 놀았어.",2021-05-16,2021-05-16 19:00,19,일
23,원래 학교는 좀 띄엄띄엄 다니긴 했거든.,2021-05-16,2021-05-16 19:30,19,일
24,잠을 자도 잔 것 같지 않고… 낮에는 병든 닭처럼 비실비실 해요.,2021-05-16,2021-05-16 20:00,20,일
25,근데도 체력이 딸리는 거 같아.,2021-05-16,2021-05-16 20:30,20,일
26,"의사가 주사를 놔주더라고. 거기까진 좋은데, 그 뒤로 이번에는 허리가 아픈 거야.",2021-05-16,2021-05-16 21:00,21,일
27,그때부터 먹는 걸로 스트레스를 풀었던 것 같아요.,2021-05-16,2021-05-16 21:30,21,일
28,밤에 들어오면 가슴이 답답하고 숨도 잘 안 쉬어지는 것 같고.,2021-05-16,2021-05-16 22:00,22,일
29,앞으로 계속 약을 먹어야 한다고 그러더라.,2021-05-16,2021-05-16 22:30,22,일
0,"응, 그게 낫겠다.",2021-05-17,2021-05-17 08:00,08,월
1,"응, 그게 나을 것 같아.",2021-05-17,2021-05-17 08:30,08,월
2,"아니, 그런 건 아닌데.",2021-05-17,2021-05-17 09:00,09,월
3,몸이 아픈 것 같아,2021-05-17,2021-05-17 09:30,09,월
4,"또 크게 어지럼증이 느껴져서 쓰러지기라도 하면 어떡하나, 큰일이 나면 어쩌나 싶더라구.",2021-05-17,2021-05-17 10:00,10,월
5,크게 못 느끼고 있었는데 막상 그 얘길 들으니까 더 불안하고 긴장되는 느낌이었어.,2021-05-17,2021-05-17 10:30,10,월
6,늘상 불안하고 떨려.,2021-05-17,2021-05-17 11:00,11,월
7,내가 힘을 안 내고 싶은 게 아니잖아요.,2021-05-17,2021-05-17 11:30,11,월
8,사람이 언제 홱 바뀔지 모르니까 항상 초조하지.,2021-05-17,2021-05-17 12:00,12,월
9,병원에 가보니 갑상선에 문제가 생겼다고 하더라구요.,2021-05-17,2021-05-17 12:30,12,월
10,남편이 달래주니까 맘이 많이 차분해지더라구..,2021-05-17,2021-05-17 13:00,13,월
11,바로 옆에 있는 소변기에 누가 딱 오면 나오던 것도 들어간다고 해야 하나…,2021-05-17,2021-05-17 13:30,13,월
12,그런데 요새는 사이가 안 좋거든.,2021-05-17,2021-05-17 14:00,14,월
13,제 의견에는 아무 관심도 없으셨죠.,2021-05-17,2021-05-17 14:30,14,월
14,내가 엄청 어릴 때 엄마가 돌아가셨거든.,2021-05-17,2021-05-17 15:00,15,월
15,교통사고가 무섭긴 무섭더라.,2021-05-17,2021-05-17 15:30,15,월
16,아침에 일어나면 TV도 보고 쇼핑도 하고 그럭저럭 잘 지냈어요.,2021-05-17,2021-05-17 16:00,16,월
17,모리라고 고양이를 키웠어.,2021-05-17,2021-05-17 16:30,16,월
18,여자친구랑은 원래 건너건너 알던 사이였어.,2021-05-17,2021-05-17 17:00,17,월
19,이게 우울증인가?,2021-05-17,2021-05-17 17:30,17,월
20,고등학교 때 친하게 지냈던 친구한테 배신 당한 적이 있어.,2021-05-17,2021-05-17 18:00,18,월
21,버릇이 없다나 뭐라나.,2021-05-17,2021-05-17 18:30,18,월
22,자기 마누라를 갖고 놀았다나..뭐라나…,2021-05-17,2021-05-17 19:00,19,월
23,근데 다음날이 되니까 기억이 하나도 안 나는 거야.,2021-05-17,2021-05-17 19:30,19,월
24,"제 친구도 지하철 멀미가 있다고 해서 안심을 했는데, 한 번 기절할 뻔하고 나니까 그게 아닌 거 같은 거예요.",2021-05-17,2021-05-17 20:00,20,월
25,사람 많은 곳도 별로 안 좋아해요.,2021-05-17,2021-05-17 20:30,20,월
26,"뭐 사왔으니까 먹었는데, 밥을 먹고 먹어도 속이 쓰린 거야.",2021-05-17,2021-05-17 21:00,21,월
27,입이 까칠해서 먹고 싶지도 않고…,2021-05-17,2021-05-17 21:30,21,월
28,가끔씩 내가 내가 아닌 느낌이 들어.,2021-05-17,2021-05-17 22:00,22,월
29,머릿속에서 계속 맴돌기만 하고 정작 적으려고 하면 잘 안 된다고 해야 하나.,2021-05-17,2021-05-17 22:30,22,월
0,고마워.,2021-05-18,2021-05-18 08:00,08,화
1,내일은 좀 덜 바쁠까?,2021-05-18,2021-05-18 08:30,08,화
2,너 이름 알려줘.,2021-05-18,2021-05-18 09:00,09,화
3,"난 퇴근할게, 내일 봐.",2021-05-18,2021-05-18 09:30,09,화
4,그럴 때마다 나는 들을 수밖에 없고.,2021-05-18,2021-05-18 10:00,10,화
5,하루종일 불안하고 초조해.,2021-05-18,2021-05-18 10:30,10,화
6,겉으로는 축하해줬는데 마음은 불편해요.,2021-05-18,2021-05-18 11:00,11,화
7,"엄마가 저보고 너는 니가 벌어서 시집가라고. 너 줄 돈은 없다고 하는데, 기분이 좋진 않았어요.",2021-05-18,2021-05-18 11:30,11,화
8,대체 뭐가 문제인지 모르겠어…,2021-05-18,2021-05-18 12:00,12,화
9,좋기도 했는데… 굉장히 죄책감이 들었어요.,2021-05-18,2021-05-18 12:30,12,화
10,사람이 언제 홱 바뀔지 모르니까 항상 초조하지.,2021-05-18,2021-05-18 13:00,13,화
11,저저번 달부터 다이어트 중이라 스트레스가 좀 많긴 했어.,2021-05-18,2021-05-18 13:30,13,화
12,수술 끝나고 항암 치료 진행 중이에요.,2021-05-18,2021-05-18 14:00,14,화
13,"남친이 회식 있다고 하면 제가 막 불안하고, 진정이 안되고... 30분 간격으로 전화해서 확인해요.",2021-05-18,2021-05-18 14:30,14,화
14,남편이랑 사이는 좋아요.,2021-05-18,2021-05-18 15:00,15,화
15,남편이랑 싸우는 횟수가 많아졌어요.,2021-05-18,2021-05-18 15:30,15,화
16,남편이 사업 때문에 바쁘거든요.,2021-05-18,2021-05-18 16:00,16,화
17,남편이랑 말을 하면… 벽에다 대고 말을 하는 기분이야.,2021-05-18,2021-05-18 16:30,16,화
18,대학은 한 번 재수를 하고 들어갔어요.,2021-05-18,2021-05-18 17:00,17,화
19,어렸을 때부터 엄마보다는 아빠랑 더 친했어요.,2021-05-18,2021-05-18 17:30,17,화
20,그 때 마침 오키나와 관광이 뜰 때라 아 이거다 싶었어요.,2021-05-18,2021-05-18 18:00,18,화
21,내 성격이 원래 급하긴 해.,2021-05-18,2021-05-18 18:30,18,화
22,"이제는 맥주가지고는 안 되고, 소주 한 병은 먹어야 잠을 잘 수 있어.",2021-05-18,2021-05-18 19:00,19,화
23,잡일은 너무 많고… 일에 만족감이 하나도 없는 거야.,2021-05-18,2021-05-18 19:30,19,화
24,그런데 담임 선생님이 저를 못마땅하게 보는 거 같아요.,2021-05-18,2021-05-18 20:00,20,화
25,힘들면 잠시 앉아서 쉬면 낫더라고..,2021-05-18,2021-05-18 20:30,20,화
26,자다가 갑자기 숨이 안 쉬어져서 눈을 떴어. 머리가 핑핑 돌고 죽을것 같아서 바로 응급실에 갔지.,2021-05-18,2021-05-18 21:00,21,화
27,잠을 자도 잔 것 같지 않고… 낮에는 병든 닭처럼 비실비실 해요.,2021-05-18,2021-05-18 21:30,21,화
28,내가 술을 진짜 많이 마시거든? 거의 중독 수준으로.,2021-05-18,2021-05-18 22:00,22,화
29,눈앞에 벌레같은게 보일 때도 있어. 진짜 벌레인줄 알고 소리 질렀는데 자세히 보니까 아무것도 아니더라구..,2021-05-18,2021-05-18 22:30,22,화
0,배부르네.,2021-05-19,2021-05-19 08:00,08,수
1,"오늘 세시에 회의있어, 30분 전에 알려줘.",2021-05-19,2021-05-19 08:30,08,수
2,그런 걸 기시감이라고 하지?,2021-05-19,2021-05-19 09:00,09,수
3,처음엔 배신감이 들었죠.,2021-05-19,2021-05-19 09:30,09,수
4,"저쪽은 취업을 했는데, 나는 계속 백수니까 주눅드는 것도 있고.",2021-05-19,2021-05-19 10:00,10,수
5,시간이 갈수록 열심히만 한다고 다 되는 게 아니란 걸 알겠더라.,2021-05-19,2021-05-19 10:30,10,수
6,사실 이 상담도 돈 아까웠는데 그래도 혹시 하는 맘에 와봤어요.,2021-05-19,2021-05-19 11:00,11,수
7,그땐 정말 죽는 줄 알았죠. 운이 좋았는지 수술도 잘 됐어요. 매년 병원가서 검사는 하고 있어요.,2021-05-19,2021-05-19 11:30,11,수
8,돈이 없을 때는 현금서비스를 받아서 근근이 살아.,2021-05-19,2021-05-19 12:00,12,수
9,나는 새벽에 공부하는 편이라 항상 늦게까지 공부한단 말이야.,2021-05-19,2021-05-19 12:30,12,수
10,내가 눈이 높은 것도 아닌데… 괜찮은 사람이 없네.,2021-05-19,2021-05-19 13:00,13,수
11,이성친구가 한 명도 없어.,2021-05-19,2021-05-19 13:30,13,수
12,사수를 해서 대학에 입학했어요.,2021-05-19,2021-05-19 14:00,14,수
13,대학은 한 번 재수를 하고 들어갔어요.,2021-05-19,2021-05-19 14:30,14,수
14,"방학 때나 가끔 올라와서 병원에 가서 엄마를 만나고 오긴 해요. 근데 별 감정도, 느낌도 없어요.",2021-05-19,2021-05-19 15:00,15,수
15,동대문에서 침구 판매를 같이 하고 있어요.,2021-05-19,2021-05-19 15:30,15,수
16,몸이 너무 불어난 거 같아서 겨울부터 운동을 다니고 있어요.,2021-05-19,2021-05-19 16:00,16,수
17,결국 집 나와서 여자친구랑 동거 중이야.,2021-05-19,2021-05-19 16:30,16,수
18,지금 5년째 근무 중이야. 일은 그럭저럭 할만해.,2021-05-19,2021-05-19 17:00,17,수
19,버릇이 없다나 뭐라나.,2021-05-19,2021-05-19 17:30,17,수
20,그래서 이 얘기도 했는데 그 덕분인지 진짜 증상이 확 줄었거든.,2021-05-19,2021-05-19 18:00,18,수
21,그래서 혼자 잘 다독이고 의연하게 지내려고 노력했어요.,2021-05-19,2021-05-19 18:30,18,수
22,명치 쪽이 너무 아파서 바닥에 누워있다가 겨우겨우 일어났어요.,2021-05-19,2021-05-19 19:00,19,수
23,안경을 써도 렌즈를 껴도 이러니… 도저히 어떻게 해야 할지 모르겠어.,2021-05-19,2021-05-19 19:30,19,수
24,식욕이 엄청 떨어졌어.,2021-05-19,2021-05-19 20:00,20,수
25,물구나무 서면 피가 머리로 쏠리잖아요. 그게 내내 계속되는 느낌?,2021-05-19,2021-05-19 20:30,20,수
26,인지능력도 떨어진 것 같아.,2021-05-19,2021-05-19 21:00,21,수
27,그랬더니 그 다음부터 손발이 저리기 시작하는 거야.,2021-05-19,2021-05-19 21:30,21,수
28,선생님이 날 미워해서 사사건건 감시한다고 생각해서 수업시간에 소리지르고…,2021-05-19,2021-05-19 22:00,22,수
29,지난 번에 인터넷 하는데 다음 카페에 내가 어제 한 일이 시간별로 다 올라와있는거에요.,2021-05-19,2021-05-19 22:30,22,수
0,너는 어디에 살아?,2021-05-20,2021-05-20 08:00,08,목
1,오늘 집중이 안돼.,2021-05-20,2021-05-20 08:30,08,목
2,짜장면 괜찮다.,2021-05-20,2021-05-20 09:00,09,목
3,날씨 좋다!,2021-05-20,2021-05-20 09:30,09,목
4,지금 날씨 어때?,2021-05-20,2021-05-20 10:00,10,목
5,"안녕, 퇴근할게.",2021-05-20,2021-05-20 10:30,10,목
6,"퇴근할게, 수고했어.",2021-05-20,2021-05-20 11:00,11,목
7,이제 퇴근해도 되겠지?,2021-05-20,2021-05-20 11:30,11,목
8,원래 새 봐도 별 느낌이 없었거든.,2021-05-20,2021-05-20 12:00,12,목
9,작은 소리에도 깜짝깜짝 놀라고… 정상적인 생활이 안 돼요.,2021-05-20,2021-05-20 12:30,12,목
10,다 맘에 안 들고 기분이 안 좋아요.,2021-05-20,2021-05-20 13:00,13,목
11,"친구랑 한 번도 안 가본 빵집에 갔는데, 왠지 되게 익숙한 기분이 드는 거야.",2021-05-20,2021-05-20 13:30,13,목
12,좀 당황스럽기도 해.,2021-05-20,2021-05-20 14:00,14,목
13,나보다 못 했던 사람들 다 붙었는데… 내가 운이 너무 안 좋은 거 같다는 생각도 들어.,2021-05-20,2021-05-20 14:30,14,목
14,"그런 소릴 들으면 아, 내가 충분히 할 수 있는 일인데… 내가 너무 게으르다. 하면서 죄책감이 들어요.",2021-05-20,2021-05-20 15:00,15,목
15,동물은 물건이 아니잖아요!,2021-05-20,2021-05-20 15:30,15,목
16,"원래 안 그랬는데, 최근 생리가 불규칙해져서 호르몬에 이상이 생긴 건 아닌지 걱정이 됐어요.",2021-05-20,2021-05-20 16:00,16,목
17,어렸을 때부터 엄마보다는 아빠랑 더 친했어요.,2021-05-20,2021-05-20 16:30,16,목
18,원래 텍사스에 거주해.,2021-05-20,2021-05-20 17:00,17,목
19,아주버님 사정이 많이 어려운것 같긴 한데.. 우리도 애 둘 키우면서 사정이 넉넉하지 않거든.,2021-05-20,2021-05-20 17:30,17,목
20,"그 좁은 방 두 칸 짜리에 삼남매에 엄마, 아빠, 할머니까지 여섯 식구가 살았어요.",2021-05-20,2021-05-20 18:00,18,목
21,"주변 사람들이 그만 마시라고 좀 말리는 편인데… 아니, 뭐 술 먹고 뒈져도 내가 뒈지지, 지들이 뒈지나?",2021-05-20,2021-05-20 18:30,18,목
22,직장에서 스트레스 받아가며 아등바등 살 필요가 있나 싶더라고요.,2021-05-20,2021-05-20 19:00,19,목
23,더 이상 일이 안 될 정도여서… 결국 퇴사를 하고 회사에서 나왔어요.,2021-05-20,2021-05-20 19:30,19,목
24,취업도 힘들고…,2021-05-20,2021-05-20 20:00,20,목
25,고2 때 왕따를 당했어요.,2021-05-20,2021-05-20 20:30,20,목
26,"알바하는 중에 그 오빠 페북에 들어가봤는데, 약간 나한테 쓴 거 같은 글이 있는 거야.",2021-05-20,2021-05-20 21:00,21,목
27,발작증상은 반년에 한번 정도 오는 것 같아.,2021-05-20,2021-05-20 21:30,21,목
28,몸이 휘청댈 만큼 피곤하지만 머리가 잠 들지 못하는 느낌이예요.,2021-05-20,2021-05-20 22:00,22,목
29,온 몸에 힘이 풀리더라구요.,2021-05-20,2021-05-20 22:30,22,목
0,너 어디니?,2021-05-21,2021-05-21 08:00,08,금
1,오늘은 진짜 잘먹었어.,2021-05-21,2021-05-21 08:30,08,금
2,퇴근 얼마나 남았는지 알려줘.,2021-05-21,2021-05-21 09:00,09,금
3,뭐 먹지?,2021-05-21,2021-05-21 09:30,09,금
4,오늘은 제때 칼퇴 해야지.,2021-05-21,2021-05-21 10:00,10,금
5,"헬퍼야, 뭐해?",2021-05-21,2021-05-21 10:30,10,금
6,아니야,2021-05-21,2021-05-21 11:00,11,금
7,처음에 그 얘기를 들었을 때는 너무 황당한 거예요.,2021-05-21,2021-05-21 11:30,11,금
8,사고 이후로 운전하는 게 무서워서 못하게 됐어요.,2021-05-21,2021-05-21 12:00,12,금
9,아니 어떻게 자식이 아픈데 그런 식으로 말을 할 수가 있어요?,2021-05-21,2021-05-21 12:30,12,금
10,"갈 데가 교회 뿐인데, 교회 사람들도 내 또래가 없어서 외로워.",2021-05-21,2021-05-21 13:00,13,금
11,쭉 이러다 보면 정말 자살할 것 같아서 상담 받으려고 와봤어요.,2021-05-21,2021-05-21 13:30,13,금
12,가족들이 아무도 저에게 관심이 없어요. 익숙해요.,2021-05-21,2021-05-21 14:00,14,금
13,"원래 안 그랬는데, 최근 생리가 불규칙해져서 호르몬에 이상이 생긴 건 아닌지 걱정이 됐어요.",2021-05-21,2021-05-21 14:30,14,금
14,남편 집안 사정이 별로 안 좋아요.,2021-05-21,2021-05-21 15:00,15,금
15,"그 대학만 보고 공부했는데, 당연히 붙을 줄 알았는데 어떻게 떨어질 수가 있죠?",2021-05-21,2021-05-21 15:30,15,금
16,아빠는 진짜 오래 사실 줄 알았어.,2021-05-21,2021-05-21 16:00,16,금
17,손님들 없을 때는 굳이 부동산에 안 있고… 집에 있어.,2021-05-21,2021-05-21 16:30,16,금
18,회사에서 사람들이 저보고 자기 중심적인 면이 있다는거에요.,2021-05-21,2021-05-21 17:00,17,금
19,시험 공부 하느라 밤 늦게 집에 들어갔는데 모리가 없는 거야.,2021-05-21,2021-05-21 17:30,17,금
20,역시 저한테 무슨 이상이 있는 거겠죠?,2021-05-21,2021-05-21 18:00,18,금
21,더 이상 일이 안 될 정도여서… 결국 퇴사를 하고 회사에서 나왔어요.,2021-05-21,2021-05-21 18:30,18,금
22,"고등학교 때는 친구들이랑 별 문제 없이 잘 지냈는데, 선생님과 사이가 안 좋았어요.",2021-05-21,2021-05-21 19:00,19,금
23,머리가 나쁜 편이야.,2021-05-21,2021-05-21 19:30,19,금
24,저를 보호해주려고 미행을 붙인 거 아닐까요?,2021-05-21,2021-05-21 20:00,20,금
25,사는 게 의미가 없어.,2021-05-21,2021-05-21 20:30,20,금
26,그 때 그 상황을 잊을 수가 없어요.,2021-05-21,2021-05-21 21:00,21,금
27,내가 날 어떻게 할 수 없을 것 같아 자해도 했어.,2021-05-21,2021-05-21 21:30,21,금
28,내 돈도 내 맘대로 못 써. 내 지갑에 든 돈 하나하나 다 세고 감시해.,2021-05-21,2021-05-21 22:00,22,금
29,파편이 튀어서 그 때 저도 응급실 가서 치료 받기도 했고…,2021-05-21,2021-05-21 22:30,22,금
0,오늘 배부르게 잘먹었어.,2021-05-22,2021-05-22 08:00,08,토
1,오늘 점심은 별로였어.,2021-05-22,2021-05-22 08:30,08,토
2,짜장면 괜찮다.,2021-05-22,2021-05-22 09:00,09,토
3,그래서 아이들한테 항상 그게 좀 미안했어요.,2021-05-22,2021-05-22 09:30,09,토
4,"속 마음 터 놓을 친구도 없고, 엄마 아빠는 잔소리만 하고, 시험은 떨어지고…",2021-05-22,2021-05-22 10:00,10,토
5,대체 뭐가 문제인지 모르겠어…,2021-05-22,2021-05-22 10:30,10,토
6,저도 적적하잖아요.,2021-05-22,2021-05-22 11:00,11,토
7,남들은 다 저만치 가는데 나는 혼자 여기 멈춰 서서 뭘 하고 있나 싶고.,2021-05-22,2021-05-22 11:30,11,토
8,"항상 그런 식이야, 항상…",2021-05-22,2021-05-22 12:00,12,토
9,수술 끝나고 항암 치료 진행 중이에요.,2021-05-22,2021-05-22 12:30,12,토
10,"남들은 남자친구 잘만 사귀던데, 전 왜 6년째 솔로일까요?",2021-05-22,2021-05-22 13:00,13,토
11,남편이랑 다투는 일이 많아졌어.,2021-05-22,2021-05-22 13:30,13,토
12,어릴 때부터 부모님이 나한테 별로 관심을 안 줬어요.,2021-05-22,2021-05-22 14:00,14,토
13,내가 성질이 좀 예민해.,2021-05-22,2021-05-22 14:30,14,토
14,원래는 없었는데 편의점 알바 한 후부터 이렇게 됐거든.,2021-05-22,2021-05-22 15:00,15,토
15,애기들한테 영어 가르치는 알바를 소개 받았어요.,2021-05-22,2021-05-22 15:30,15,토
16,초등학교 때 다른 애들보다 키도 크고 좀 성숙했거든.,2021-05-22,2021-05-22 16:00,16,토
17,열여섯 살까지는 캐나다에서 지냈어요.,2021-05-22,2021-05-22 16:30,16,토
18,"나이 들면서 마시는 양이 더 늘었어요. 하루에 한 번은 꼭 먹고, 많이 먹으면 혼자 4병까지도 먹었어요.",2021-05-22,2021-05-22 17:00,17,토
19,나한테 무슨 이상이 있는 건 아닐까?,2021-05-22,2021-05-22 17:30,17,토
20,얼마 전에 걔한테 진짜 크게 배신 당했어.,2021-05-22,2021-05-22 18:00,18,토
21,남들 두 배로 공부해야 겨우 중간 정도 유지하는데…,2021-05-22,2021-05-22 18:30,18,토
22,병원에 가봐야 할까요?,2021-05-22,2021-05-22 19:00,19,토
23,"말 한마디도 대꾸 안하고, 지금 카톡오는 거 다 씹고 있어.",2021-05-22,2021-05-22 19:30,19,토
24,"계속 자다 새벽에 깨고, 뭔가 자도 개운치 않은 느낌이 몇 년 동안 계속 있었거든.",2021-05-22,2021-05-22 20:00,20,토
25,생리가 2달인가 안 나왔는데 대수롭지 않게 넘어갔어요.,2021-05-22,2021-05-22 20:30,20,토
26,꿈에서 대낮에 걷고 있는데 갑자기 남자 둘이 제 팔을 잡고 끌고 가서 입을 막고 트렁크에 싣고 가는 거야.,2021-05-22,2021-05-22 21:00,21,토
27,아픔이 느껴지면 이상한 생각이 안 들 거 같아서 피가 날 때까지 딱지 앉은 곳을 헤집곤 했어.,2021-05-22,2021-05-22 21:30,21,토
28,"평소처럼 중앙자리에 앉았는데, 자리에 앉고 나서 10분? 20분 쯤 지나니까 손발이 저리더라.",2021-05-22,2021-05-22 22:00,22,토
29,"작년에 공부한다고 도서관에 갔다 집으로 돌아왔는데, 현관 들어서자마자 숨이 턱 막혔어요.",2021-05-22,2021-05-22 22:30,22,토
0,"그래, 오늘은 쉬었다가 해야겠다.",2021-05-23,2021-05-23 08:00,08,일
1,그래야지.,2021-05-23,2021-05-23 08:30,08,일
2,"응, 오늘은 좀 쉬었다가 해야겠어.",2021-05-23,2021-05-23 09:00,09,일
3,너 지금 어디야?,2021-05-23,2021-05-23 09:30,09,일
4,완전 배부르다.,2021-05-23,2021-05-23 10:00,10,일
5,오늘은 집중이 안되네.,2021-05-23,2021-05-23 10:30,10,일
6,오늘은 집중이 잘되는 날이야.,2021-05-23,2021-05-23 11:00,11,일
7,너 로봇 아니니?,2021-05-23,2021-05-23 11:30,11,일
8,오늘 미세먼지 농도가 어떻게 돼?,2021-05-23,2021-05-23 12:00,12,일
9,오늘 날씨 좀 알려줘.,2021-05-23,2021-05-23 12:30,12,일
10,오늘 날씨 너무 좋다.,2021-05-23,2021-05-23 13:00,13,일
11,오늘은 미팅이 많아.,2021-05-23,2021-05-23 13:30,13,일
12,밖에 비 오니?,2021-05-23,2021-05-23 14:00,14,일
13,"사는 게 재미도 없고, 되는 일도 없는데 이렇게 사는 게 의미가 있을까?",2021-05-23,2021-05-23 14:30,14,일
14,크게 못 느끼고 있었는데 막상 그 얘길 들으니까 더 불안하고 긴장되는 느낌이었어.,2021-05-23,2021-05-23 15:00,15,일
15,가끔 앞날 생각하면 불안하긴 해요.,2021-05-23,2021-05-23 15:30,15,일
16,또 그럴까 봐 너무 불안해.,2021-05-23,2021-05-23 16:00,16,일
17,신경이 거슬려서 벽에 걸려 있던 시계 건전지를 뽑아버렸어요.,2021-05-23,2021-05-23 16:30,16,일
18,항암 치료를 이어나가고 있긴 한데… 기대는 크지 않아.,2021-05-23,2021-05-23 17:00,17,일
19,남친한테 차였어.,2021-05-23,2021-05-23 17:30,17,일
20,2차이밖에 안 나는데 나를 엄청 어른 취급 하더라구.,2021-05-23,2021-05-23 18:00,18,일
21,그래도 어지간하면 다니려고 했는데… 결국 터질게 터졌어.,2021-05-23,2021-05-23 18:30,18,일
22,어렸을 때 집안 형편이 진짜 안 좋았어요.,2021-05-23,2021-05-23 19:00,19,일
23,얼마 전에 일 때문에 파주에서 일산으로 집을 옮겼어요.,2021-05-23,2021-05-23 19:30,19,일
24,나한테 무슨 이상이 있는 건 아닐까?,2021-05-23,2021-05-23 20:00,20,일
25,결국 학교 그만 뒀어요.,2021-05-23,2021-05-23 20:30,20,일
26,친구들이 항상 모르는 문제 나한테 물어보고 그랬지.,2021-05-23,2021-05-23 21:00,21,일
27,점심 먹고 이 닦으러 화장실 가는데 귀에서 뭔가 삐익 소리가 들리고… 무슨 문제가 생긴건지 걱정되요.,2021-05-23,2021-05-23 21:30,21,일
28,"돈을 꼬치꼬치 어디다가 썼냐고 물어보지는 않는데, 남편이 나 없을 때 지갑을 한 번씩 확인하는 거 같아.",2021-05-23,2021-05-23 22:00,22,일
29,"원래 잠자는 데 별 문제가 없었는데, 오늘 아침에 일어났는데 숨을 잘 못 쉬겠는거야.",2021-05-23,2021-05-23 22:30,22,일
0,날씨가 좋으니 기분도 좋아지네.,2021-05-24,2021-05-24 08:00,08,월
1,너는 이름이 뭐니?,2021-05-24,2021-05-24 08:30,08,월
2,오늘따라 피곤하네.,2021-05-24,2021-05-24 09:00,09,월
3,"난 퇴근할게, 내일 봐.",2021-05-24,2021-05-24 09:30,09,월
4,몸이 아픈 것 같아,2021-05-24,2021-05-24 10:00,10,월
5,앞으로 집은 어떻게 사나 싶어요.,2021-05-24,2021-05-24 10:30,10,월
6,원래 새 봐도 별 느낌이 없었거든.,2021-05-24,2021-05-24 11:00,11,월
7,근데 괜히 새언니가 내 오빠를 뺏는 것 같아서 괜히 미워.,2021-05-24,2021-05-24 11:30,11,월
8,처음엔 배신감이 들었죠.,2021-05-24,2021-05-24 12:00,12,월
9,내가 잔인하게 죽여버릴 거야.,2021-05-24,2021-05-24 12:30,12,월
10,나한테 왜 그렇게 예민하냐고 그러더라?,2021-05-24,2021-05-24 13:00,13,월
11,"갈 데가 교회 뿐인데, 교회 사람들도 내 또래가 없어서 외로워.",2021-05-24,2021-05-24 13:30,13,월
12,다른 사람들은 저러고 살아서 행복할까?,2021-05-24,2021-05-24 14:00,14,월
13,남들은 다 저만치 가는데 나는 혼자 여기 멈춰 서서 뭘 하고 있나 싶고.,2021-05-24,2021-05-24 14:30,14,월
14,내가 힘을 안 내고 싶은 게 아니잖아요.,2021-05-24,2021-05-24 15:00,15,월
15,솔직히 진짜 충격이었지.,2021-05-24,2021-05-24 15:30,15,월
16,젊을 때는 술을 많이 마시는 편이었어요.,2021-05-24,2021-05-24 16:00,16,월
17,원래 불면증이 있긴 했어.,2021-05-24,2021-05-24 16:30,16,월
18,"회사를 옮기면서 직급도 올라서, 지금은 과장이에요.",2021-05-24,2021-05-24 17:00,17,월
19,결국 내가 먼저 관두겠다고 말했어.,2021-05-24,2021-05-24 17:30,17,월
20,저는 여자들이랑은 잘 어울리는데 동성 친구는 한 명도 없어요.,2021-05-24,2021-05-24 18:00,18,월
21,공부도 그럭저럭 하는 편이라 괜찮은 학교에 들어갔어요.,2021-05-24,2021-05-24 18:30,18,월
22,가만히 있는데도 가슴이 벌렁벌렁 떨리고…,2021-05-24,2021-05-24 19:00,19,월
23,처음 공황발작이 있던 건 작년쯤이었어요.,2021-05-24,2021-05-24 19:30,19,월
24,"책상 서랍이 닫혔는지 계속 확인하고, 문도 분명 잠갔는데 불안해서 다시 확인하고…",2021-05-24,2021-05-24 20:00,20,월
25,맘이 불안하니까 잠들기도 힘들고…,2021-05-24,2021-05-24 20:30,20,월
26,"한 번은 속이 쓰려서 새벽에 깼는데, 남편은 너무 평화롭게 잘 자는 거야.",2021-05-24,2021-05-24 21:00,21,월
27,학교에서도 애들 얘기하고 있으면 내 욕 하냐고 막 싸우고 그랬어요.,2021-05-24,2021-05-24 21:30,21,월
28,생활비라고 300만원 정도를 들고 오는데… 곰곰이 생각해보니까 저한테 얼마를 버는지를 정확히 말을 안 하거든요.,2021-05-24,2021-05-24 22:00,22,월
29,이 병원 저 병원 다 가봤는데 시원한 소리를 하나도 못 들었어.,2021-05-24,2021-05-24 22:30,22,월
0,안녕 헬퍼.,2021-05-25,2021-05-25 08:00,08,화
1,"응, 그게 낫겠다.",2021-05-25,2021-05-25 08:30,08,화
2,오늘 밥이 너무 형편없었어.,2021-05-25,2021-05-25 09:00,09,화
3,오늘 날씨 너무 좋다.,2021-05-25,2021-05-25 09:30,09,화
4,그런 건 아니고.,2021-05-25,2021-05-25 10:00,10,화
5,"아니, 그런건 아니야.",2021-05-25,2021-05-25 10:30,10,화
6,"응, 잘 보내고 왔지.",2021-05-25,2021-05-25 11:00,11,화
7,밖에 비 오니?,2021-05-25,2021-05-25 11:30,11,화
8,기분이 영 별로야.,2021-05-25,2021-05-25 12:00,12,화
9,이제 운전을 못하겠어. 안 한 지 꽤 된 거 같아.,2021-05-25,2021-05-25 12:30,12,화
10,시간이 갈수록 열심히만 한다고 다 되는 게 아니란 걸 알겠더라.,2021-05-25,2021-05-25 13:00,13,화
11,"원래 안 그랬는데, 최근 생리가 불규칙해져서 호르몬에 이상이 생긴 건 아닌지 걱정이 됐어요.",2021-05-25,2021-05-25 13:30,13,화
12,그래도 어느 정도 내 능력을 믿고 막 썼어. 금방 갚을 수 있을 거라는 뭐… 그런 마음이었지.,2021-05-25,2021-05-25 14:00,14,화
13,남친한테 차였어.,2021-05-25,2021-05-25 14:30,14,화
14,남편이랑 처음 만난 게 등산 모임이거든요.,2021-05-25,2021-05-25 15:00,15,화
15,결혼하고 바로 남편이랑 사이가 안 좋았어요.,2021-05-25,2021-05-25 15:30,15,화
16,이웃집 언니가 반찬 좀 가져가라고 해서 간 김에 술도 얻어먹고… 그러고 왔는데 가시나가 헛바람 들었다고 대뜸 손을 올리더라고요.,2021-05-25,2021-05-25 16:00,16,화
17,대학은 한 번 재수를 하고 들어갔어요.,2021-05-25,2021-05-25 16:30,16,화
18,저한테 사귄 지 1년 된 사람이 있어요.,2021-05-25,2021-05-25 17:00,17,화
19,직장에서 스트레스 받아가며 아등바등 살 필요가 있나 싶더라고요.,2021-05-25,2021-05-25 17:30,17,화
20,"대학 졸업하고, 1년 동안 지겹게 놀았어.",2021-05-25,2021-05-25 18:00,18,화
21,그러니까 완전 난리가 난 거야.,2021-05-25,2021-05-25 18:30,18,화
22,잠에서 깨어날 때 위에서 누가 누르는 것처럼 가슴이 답답해.,2021-05-25,2021-05-25 19:00,19,화
23,명치 쪽이 너무 아파서 바닥에 누워있다가 겨우겨우 일어났어요.,2021-05-25,2021-05-25 19:30,19,화
24,특히 밤에 잘 때 누워있으면 속이 이상해요.,2021-05-25,2021-05-25 20:00,20,화
25,눈 감으면 눈앞에 솥뚜껑 같은 남편 손이 막 날아다녀.,2021-05-25,2021-05-25 20:30,20,화
26,물 마시고 잠시 쉬고 있는데 발작 증상이 나타났고 1시간 정도 지속됐어.,2021-05-25,2021-05-25 21:00,21,화
27,그게 어떻게 모은 돈인데… 그때 일만 생각하면 잠도 안 와.,2021-05-25,2021-05-25 21:30,21,화
28,그래서 피곤하긴 했어.,2021-05-25,2021-05-25 22:00,22,화
29,병원에 가서 검사해봐도 별 문제 없다는데 왜 자꾸 이러는지 모르겠어.,2021-05-25,2021-05-25 22:30,22,화
0,너는 남자야?,2021-05-26,2021-05-26 08:00,08,수
1,피곤하다.,2021-05-26,2021-05-26 08:30,08,수
2,오늘 뭐 먹을까?,2021-05-26,2021-05-26 09:00,09,수
3,날씨 알려줘.,2021-05-26,2021-05-26 09:30,09,수
4,나도 혈압이 높은 편인데… 요즘 몸도 안 좋고 해서 자꾸 걱정이 되네..,2021-05-26,2021-05-26 10:00,10,수
5,다들 신경이 극에 달했던 것 같아.,2021-05-26,2021-05-26 10:30,10,수
6,차는 타면 뛰어내리고 싶은 정도예요.,2021-05-26,2021-05-26 11:00,11,수
7,오히려 외로움 느낄 틈 없이 잘해줘요.,2021-05-26,2021-05-26 11:30,11,수
8,무서워 죽겠어요. 그건 겪어본 사람만 알아요.,2021-05-26,2021-05-26 12:00,12,수
9,엄마도 없이 애한테 못 할 짓 한다고 생각하니까 속상하더라고요.,2021-05-26,2021-05-26 12:30,12,수
10,제주도나 일본도 아니고 러시아라니까 처음엔 신났지.,2021-05-26,2021-05-26 13:00,13,수
11,제가 생각해도 남친한테 집착 쩌는 것 같아요.,2021-05-26,2021-05-26 13:30,13,수
12,남편 벌어오는 돈도 시원찮고...,2021-05-26,2021-05-26 14:00,14,수
13,대학 떨어질 줄은 정말 상상도 못했어요.,2021-05-26,2021-05-26 14:30,14,수
14,난 대학 가려고 4수 했어.,2021-05-26,2021-05-26 15:00,15,수
15,내가 휴학해서 학교 거의 안 가고 있잖아.,2021-05-26,2021-05-26 15:30,15,수
16,아버지랑 사이가 많이 틀어졌어요.,2021-05-26,2021-05-26 16:00,16,수
17,서로를 이해 못 해.,2021-05-26,2021-05-26 16:30,16,수
18,처음에는 그냥 살짝 밀치는 정도였거든요?,2021-05-26,2021-05-26 17:00,17,수
19,초등학교 2학년 때였을 거에요. 엄마는 계속 집에서 누워만 있었던 것 같아요.,2021-05-26,2021-05-26 17:30,17,수
20,결국 내가 먼저 관두겠다고 말했어.,2021-05-26,2021-05-26 18:00,18,수
21,버릇이 없다나 뭐라나.,2021-05-26,2021-05-26 18:30,18,수
22,사는 게 의미가 없어.,2021-05-26,2021-05-26 19:00,19,수
23,"어제는 자려고 누웠는데, 자는 동안 뭔가 일어날 것 같아서 불안한거에요. 잠을 못 자요.",2021-05-26,2021-05-26 19:30,19,수
24,잠도 안 오고 불안하고…,2021-05-26,2021-05-26 20:00,20,수
25,아무튼 이게 되게 스트레스였는지 잠도 좀 잘 못 자고…,2021-05-26,2021-05-26 20:30,20,수
26,언제부터였지? 소화가 잘 안 되는 거 같아요.,2021-05-26,2021-05-26 21:00,21,수
27,"한 번은 속이 쓰려서 새벽에 깼는데, 남편은 너무 평화롭게 잘 자는 거야.",2021-05-26,2021-05-26 21:30,21,수
28,다리에 추라도 달아놓은 것처럼 무거워요.,2021-05-26,2021-05-26 22:00,22,수
29,"회사에 신입이 들어왔는데, 눈치도 없고, 하나 가르쳐줘도 다 까먹고… 답이 없는거에요.",2021-05-26,2021-05-26 22:30,22,수
0,"응, 그게 낫겠다.",2021-05-27,2021-05-27 08:00,08,목
1,좀 쉴게.,2021-05-27,2021-05-27 08:30,08,목
2,넌 정체가 뭐야?,2021-05-27,2021-05-27 09:00,09,목
3,좋은 생각이야.,2021-05-27,2021-05-27 09:30,09,목
4,되게 좋은 생각이다.,2021-05-27,2021-05-27 10:00,10,목
5,오늘 날씨가 꽤나 쌀쌀하네.,2021-05-27,2021-05-27 10:30,10,목
6,왜 이렇게 시간이 안가지.,2021-05-27,2021-05-27 11:00,11,목
7,몸이 쑤셔,2021-05-27,2021-05-27 11:30,11,목
8,몸이 안 좋아,2021-05-27,2021-05-27 12:00,12,목
9,암이면 어떻게 하지?,2021-05-27,2021-05-27 12:30,12,목
10,진짜 어이없고 화가 나서 숨이 턱 막히는 거야.,2021-05-27,2021-05-27 13:00,13,목
11,불안해서 가만히 있을 수가 없어.,2021-05-27,2021-05-27 13:30,13,목
12,행동도 부자연스러워지고...웃는게 웃는게 아니었어요.,2021-05-27,2021-05-27 14:00,14,목
13,나만 빼고 다 잘났어.,2021-05-27,2021-05-27 14:30,14,목
14,엄마도 없이 애한테 못 할 짓 한다고 생각하니까 속상하더라고요.,2021-05-27,2021-05-27 15:00,15,목
15,스트레스가 너무 심하네요.,2021-05-27,2021-05-27 15:30,15,목
16,수술 끝나고 항암 치료 진행 중이에요.,2021-05-27,2021-05-27 16:00,16,목
17,남친한테 차였어.,2021-05-27,2021-05-27 16:30,16,목
18,남편이 술을 많이 마시는 편이야.,2021-05-27,2021-05-27 17:00,17,목
19,이웃집 언니가 반찬 좀 가져가라고 해서 간 김에 술도 얻어먹고… 그러고 왔는데 가시나가 헛바람 들었다고 대뜸 손을 올리더라고요.,2021-05-27,2021-05-27 17:30,17,목
20,술을 안 마시면 뭘 해야 할지 모르겠어요…,2021-05-27,2021-05-27 18:00,18,목
21,두 분이서 같이 장사를 하셨었거든요.,2021-05-27,2021-05-27 18:30,18,목
22,이상이 있나 싶어서 병원에 가보려고 했는데 아빠가 그러다 말 거라고 그런 걸로 왜 병원에 가냐고 그러더라고요.,2021-05-27,2021-05-27 19:00,19,목
23,"작년에 우울한 기분이 없어지지 않고, 쭉 지속된다는 걸 느끼고 이게 우울증인가 싶었어.",2021-05-27,2021-05-27 19:30,19,목
24,나한테 무슨 이상이 있는 건 아닐까?,2021-05-27,2021-05-27 20:00,20,목
25,역시 저한테 무슨 이상이 있는 거겠죠?,2021-05-27,2021-05-27 20:30,20,목
26,처음 공황발작이 있던 건 작년쯤이었어요.,2021-05-27,2021-05-27 21:00,21,목
27,"동기 모임도 안 나가고, 서서히 사람들과의 접촉이 줄어들었어요.",2021-05-27,2021-05-27 21:30,21,목
28,잠자리에 누우면 쓸데없는 생각만 들어요.,2021-05-27,2021-05-27 22:00,22,목
29,물구나무 서면 피가 머리로 쏠리잖아요. 그게 내내 계속되는 느낌?,2021-05-27,2021-05-27 22:30,22,목
0,"응, 그게 나을 것 같아.",2021-05-28,2021-05-28 08:00,08,금
1,아 배고프다.,2021-05-28,2021-05-28 08:30,08,금
2,벌써 배고프다.,2021-05-28,2021-05-28 09:00,09,금
3,밥이 맛 없어서 얼마 못먹었어.,2021-05-28,2021-05-28 09:30,09,금
4,지금 미세먼지가 어떤지 알려줘.,2021-05-28,2021-05-28 10:00,10,금
5,시간이 너무 더디게 가는 기분이야.,2021-05-28,2021-05-28 10:30,10,금
6,잘 보내고 왔어.,2021-05-28,2021-05-28 11:00,11,금
7,퇴근 하고싶다.,2021-05-28,2021-05-28 11:30,11,금
8,잘 못알아 듣는구나,2021-05-28,2021-05-28 12:00,12,금
9,"또 크게 어지럼증이 느껴져서 쓰러지기라도 하면 어떡하나, 큰일이 나면 어쩌나 싶더라구.",2021-05-28,2021-05-28 12:30,12,금
10,사고 이후로 운전하는 게 무서워서 못하게 됐어요.,2021-05-28,2021-05-28 13:00,13,금
11,사고난 이후로 차 탈 때 조수석에는 안 타게 되더라.,2021-05-28,2021-05-28 13:30,13,금
12,오히려 외로움 느낄 틈 없이 잘해줘요.,2021-05-28,2021-05-28 14:00,14,금
13,그냥 내일 아침에 일어났을 때 죽어있었으면 좋겠어요.,2021-05-28,2021-05-28 14:30,14,금
14,그래서 되게 배신감 느꼈어. 진짜 말할 줄 몰랐거든.,2021-05-28,2021-05-28 15:00,15,금
15,다들 표정이 무섭고 딱딱해서 싫어.,2021-05-28,2021-05-28 15:30,15,금
16,남자친구는 아직 없어.,2021-05-28,2021-05-28 16:00,16,금
17,남편이 사업 때문에 바쁘거든요.,2021-05-28,2021-05-28 16:30,16,금
18,그때부터 더 이상 운전을 할 수가 없었어.,2021-05-28,2021-05-28 17:00,17,금
19,시아주버니가 문제가 많은 사람이었어.,2021-05-28,2021-05-28 17:30,17,금
20,대학교 다닐 때 엄청 마셨죠. 근데 저는 술자리가 좋다기보다는 술 자체가 좋아요.,2021-05-28,2021-05-28 18:00,18,금
21,일 주일에 2번은 술을 먹는 것 같아요. 한 번 먹을 때마다 소주 한 병 반 정도?,2021-05-28,2021-05-28 18:30,18,금
22,"어제는 우연하게 동네 친구를 만났는데, 너 아직 호주에 있는 거 아니었냐고 묻는 거야.",2021-05-28,2021-05-28 19:00,19,금
23,"실수 좀 해도 괜찮다, 틀려도 괜찮다 생각은 하긴 하는데 잘 안 돼.",2021-05-28,2021-05-28 19:30,19,금
24,"캔들 있잖아, 그것도 사다가 피워 보고… 근데도 아무 소용이 없더라.",2021-05-28,2021-05-28 20:00,20,금
25,마음을 편하게 먹어 보려고 했는데 그게 잘 안 되더라고…,2021-05-28,2021-05-28 20:30,20,금
26,"일할 때도 무슨 일이 생긴 것도 아닌데, 가슴이 두근두근해서 누가 알까봐 긴장돼요.",2021-05-28,2021-05-28 21:00,21,금
27,"뭐 사왔으니까 먹었는데, 밥을 먹고 먹어도 속이 쓰린 거야.",2021-05-28,2021-05-28 21:30,21,금
28,인지능력도 떨어진 것 같아.,2021-05-28,2021-05-28 22:00,22,금
29,그래서 피곤하긴 했어.,2021-05-28,2021-05-28 22:30,22,금
0,넌 남자니 여자니?,2021-05-29,2021-05-29 08:00,08,토
1,어디야?,2021-05-29,2021-05-29 08:30,08,토
2,점심 메뉴가 너무 별로였어.,2021-05-29,2021-05-29 09:00,09,토
3,오늘 미세먼지 농도는 어때?,2021-05-29,2021-05-29 09:30,09,토
4,오늘 일은 다 끝냈어.,2021-05-29,2021-05-29 10:00,10,토
5,눈 오는것 같은데?,2021-05-29,2021-05-29 10:30,10,토
6,"수술도 잘 됐고, 의사도 회복만 잘 하면 된다는데 자꾸 걱정이 돼요.",2021-05-29,2021-05-29 11:00,11,토
7,하루종일 아들만 생각해.,2021-05-29,2021-05-29 11:30,11,토
8,사고 이후로 운전하는 게 무서워서 못하게 됐어요.,2021-05-29,2021-05-29 12:00,12,토
9,그럴 때마다 나는 들을 수밖에 없고.,2021-05-29,2021-05-29 12:30,12,토
10,그래서 되게 배신감 느꼈어. 진짜 말할 줄 몰랐거든.,2021-05-29,2021-05-29 13:00,13,토
11,크게 못 느끼고 있었는데 막상 그 얘길 들으니까 더 불안하고 긴장되는 느낌이었어.,2021-05-29,2021-05-29 13:30,13,토
12,내가 집에서는 전혀 존중 받지 못한다는 느낌을 받았어.,2021-05-29,2021-05-29 14:00,14,토
13,저도 적적하잖아요.,2021-05-29,2021-05-29 14:30,14,토
14,"살은 빠지긴 했는데, 그 이상 빠지질 않아서 스트레스에요.",2021-05-29,2021-05-29 15:00,15,토
15,남편이랑 처음 만난 게 등산 모임이거든요.,2021-05-29,2021-05-29 15:30,15,토
16,난 대학 가려고 4수 했어.,2021-05-29,2021-05-29 16:00,16,토
17,아빠가 저 어렸을 때부터 엄마 많이 때렸거든요. 저도 맞았고…,2021-05-29,2021-05-29 16:30,16,토
18,전자 부품 사업을 했는데 잘 안 됐어요.,2021-05-29,2021-05-29 17:00,17,토
19,시험 공부 하느라 밤 늦게 집에 들어갔는데 모리가 없는 거야.,2021-05-29,2021-05-29 17:30,17,토
20,대학교 다닐 때 엄청 마셨죠. 근데 저는 술자리가 좋다기보다는 술 자체가 좋아요.,2021-05-29,2021-05-29 18:00,18,토
21,그러다 지금 일하는 회사에 작년에 취업이 됐어.,2021-05-29,2021-05-29 18:30,18,토
22,진짜 난 안 되나 보다… 싶을 때 지금 회사에서 연락이 왔어요.,2021-05-29,2021-05-29 19:00,19,토
23,아는 사람은 교회나 남편 친구들밖에 없어.,2021-05-29,2021-05-29 19:30,19,토
24,그러니까 완전 난리가 난 거야.,2021-05-29,2021-05-29 20:00,20,토
25,상담 덕분인지 뭔지 모르겠지만 하여튼 우울감도 줄고 환청도 안 들리게 됐어.,2021-05-29,2021-05-29 20:30,20,토
26,방학 되면 그냥 집에 있었어요. 아무것도 안 하고…,2021-05-29,2021-05-29 21:00,21,토
27,확인만 하다가 하루가 다 가는 기분이에요.,2021-05-29,2021-05-29 21:30,21,토
28,내 안에 다른 내가 있는 느낌?,2021-05-29,2021-05-29 22:00,22,토
29,거울 속의 내가 낯설게 느껴져.,2021-05-29,2021-05-29 22:30,22,토
0,﻿좋은 아침.,2021-05-30,2021-05-30 08:00,08,일
1,오늘 미세먼지 농도가 어떻게 돼?,2021-05-30,2021-05-30 08:30,08,일
2,지금 미세먼지가 어떤지 알려줘.,2021-05-30,2021-05-30 09:00,09,일
3,퇴근할게.,2021-05-30,2021-05-30 09:30,09,일
4,잘 보냈어.,2021-05-30,2021-05-30 10:00,10,일
5,"헬퍼, 너 뭐해?",2021-05-30,2021-05-30 10:30,10,일
6,무서워 죽겠어요. 그건 겪어본 사람만 알아요.,2021-05-30,2021-05-30 11:00,11,일
7,치매 걸리는 건 아닌가 불안하더라고요.,2021-05-30,2021-05-30 11:30,11,일
8,하루종일 불안하고 초조해.,2021-05-30,2021-05-30 12:00,12,일
9,"이제 내가 우선이 아니라, 새언니가 우선이 될 거라는 생각을 하니까 그냥 서운해.",2021-05-30,2021-05-30 12:30,12,일
10,그런데 항상 화살이 제 쪽으로 날아왔어요.,2021-05-30,2021-05-30 13:00,13,일
11,이게 아무래도 제 정신적인 문제 같아서 치료 받으러 왔어요.,2021-05-30,2021-05-30 13:30,13,일
12,내가 눈이 높은 것도 아닌데… 괜찮은 사람이 없네.,2021-05-30,2021-05-30 14:00,14,일
13,맥주를 매일 기본 5캔은 먹는 거 같아요.,2021-05-30,2021-05-30 14:30,14,일
14,아버지랑 사이가 많이 틀어졌어요.,2021-05-30,2021-05-30 15:00,15,일
15,사고가 좀 있었어.,2021-05-30,2021-05-30 15:30,15,일
16,퇴근하고 집에 오면 혼자야. 그냥 나 혼자 자취하는 느낌?,2021-05-30,2021-05-30 16:00,16,일
17,아기가 중간에 잘못돼서 임신중절 수술을 받았어.,2021-05-30,2021-05-30 16:30,16,일
18,6개월이 지난 상태라 거의 출산에 맞먹을 정도로 몸에 무리가 많이 간다고 하더라구.,2021-05-30,2021-05-30 17:00,17,일
19,학교 가는 데에만 2시간씩 걸리는 게 너무 아까운 거야.,2021-05-30,2021-05-30 17:30,17,일
20,근데 한 두 달전부터 자꾸 잘 잊어버리는 거에요. 핸드폰 손에 쥐고 찾는 건 기본이에요.,2021-05-30,2021-05-30 18:00,18,일
21,남들하고 다 똑같이 살아서 뭘 하나 싶어.,2021-05-30,2021-05-30 18:30,18,일
22,요즘은 다른 생각은 하나도 안 들어.,2021-05-30,2021-05-30 19:00,19,일
23,손을 자주 씻어요.,2021-05-30,2021-05-30 19:30,19,일
24,입이 까칠해서 먹고 싶지도 않고…,2021-05-30,2021-05-30 20:00,20,일
25,입맛도 없어서 커피만 하루에 대여섯잔 마시다보니 살도 6kg이나 빠졌어.,2021-05-30,2021-05-30 20:30,20,일
26,식욕이 엄청 떨어졌어.,2021-05-30,2021-05-30 21:00,21,일
27,너무 힘들고… 이러다가 비명횡사하는구나 싶었어.,2021-05-30,2021-05-30 21:30,21,일
28,머릿속에서 계속 맴돌기만 하고 정작 적으려고 하면 잘 안 된다고 해야 하나.,2021-05-30,2021-05-30 22:00,22,일
29,병원 가서 검사해봐도 별 문제가 없다는데 왜 이러는지 모르겠어요.,2021-05-30,2021-05-30 22:30,22,일
0,안녕.,2021-05-31,2021-05-31 08:00,08,월
1,"고마워, 덕분에.",2021-05-31,2021-05-31 08:30,08,월
2,"그래, 그게 낫겠어.",2021-05-31,2021-05-31 09:00,09,월
3,오늘따라 집중이 잘 안 되는 것 같아.,2021-05-31,2021-05-31 09:30,09,월
4,너는 뭘까?,2021-05-31,2021-05-31 10:00,10,월
5,"아니, 없어.",2021-05-31,2021-05-31 10:30,10,월
6,오늘 업무 다했어.,2021-05-31,2021-05-31 11:00,11,월
7,너는 오늘 기분 어때?,2021-05-31,2021-05-31 11:30,11,월
8,무슨 상상을 해?,2021-05-31,2021-05-31 12:00,12,월
9,기분이 어때,2021-05-31,2021-05-31 12:30,12,월
10,하루종일 딸만 생각하고 있어.,2021-05-31,2021-05-31 13:00,13,월
11,내일이 없었으면 좋겠다고 생각해.,2021-05-31,2021-05-31 13:30,13,월
12,"사는 게 재미도 없고, 되는 일도 없는데 이렇게 사는 게 의미가 있을까?",2021-05-31,2021-05-31 14:00,14,월
13,"이제 내가 우선이 아니라, 새언니가 우선이 될 거라는 생각을 하니까 그냥 서운해.",2021-05-31,2021-05-31 14:30,14,월
14,다른 사람들은 저러고 살아서 행복할까?,2021-05-31,2021-05-31 15:00,15,월
15,남편이 갑자기 나한테 고백할 게 있다고 하더라.,2021-05-31,2021-05-31 15:30,15,월
16,그냥 저의 문제인 거죠.,2021-05-31,2021-05-31 16:00,16,월
17,제 의견에는 아무 관심도 없으셨죠.,2021-05-31,2021-05-31 16:30,16,월
18,남편이 사업 말아먹고 나서는 계속 경제적으로 어려웠어.,2021-05-31,2021-05-31 17:00,17,월
19,남들은 생활이 어려워 힘든데… 나는 그런 건 아니니까.. 감사하게 생각하려고 했죠.,2021-05-31,2021-05-31 17:30,17,월
20,학교 다닐 때부터 그랬던 것 같아요. 남한테 싫은 소리 듣기 싫어서 엄청 신경쓰면서 살았던 것 같아요.,2021-05-31,2021-05-31 18:00,18,월
21,"회사를 옮기면서 직급도 올라서, 지금은 과장이에요.",2021-05-31,2021-05-31 18:30,18,월
22,나도 빨리 돈을 벌고 싶기도 했고… 상고 졸업하고 바로 취업을 했어.,2021-05-31,2021-05-31 19:00,19,월
23,학교 가는 데에만 2시간씩 걸리는 게 너무 아까운 거야.,2021-05-31,2021-05-31 19:30,19,월
24,자다가 갑자기 숨이 안 쉬어져서 눈을 떴어. 머리가 핑핑 돌고 죽을것 같아서 바로 응급실에 갔지.,2021-05-31,2021-05-31 20:00,20,월
25,계속 불면 중이에요.,2021-05-31,2021-05-31 20:30,20,월
26,그런데 스키장 다녀오고부터 생리가 안 나오는 거야.,2021-05-31,2021-05-31 21:00,21,월
27,밥맛도 없고… 잠을 깊게 못 자요.,2021-05-31,2021-05-31 21:30,21,월
28,"눈을 떴을 때, 내 눈에 잘린 내 팔이 보여.",2021-05-31,2021-05-31 22:00,22,월
29,죽어버리려고 몽롱한 정신으로 팔목을 그었어.,2021-05-31,2021-05-31 22:30,22,월
0,굿 모닝.,2021-06-01,2021-06-01 08:00,08,화
1,내일은 좀 덜 바쁘려나?,2021-06-01,2021-06-01 08:30,08,화
2,오늘 좀 춥다.,2021-06-01,2021-06-01 09:00,09,화
3,"아니, 그런건 아니야.",2021-06-01,2021-06-01 09:30,09,화
4,우울해,2021-06-01,2021-06-01 10:00,10,화
5,예전보다 화내는 게 과격해진 거 같아.,2021-06-01,2021-06-01 10:30,10,화
6,눈앞이 깜깜할 때도 있어요.,2021-06-01,2021-06-01 11:00,11,화
7,마음이 하루종일 붕 떠 있고… 멍하고…,2021-06-01,2021-06-01 11:30,11,화
8,다들 표정이 무섭고 딱딱해서 싫어.,2021-06-01,2021-06-01 12:00,12,화
9,"속 마음 터 놓을 친구도 없고, 엄마 아빠는 잔소리만 하고, 시험은 떨어지고…",2021-06-01,2021-06-01 12:30,12,화
10,"그래 뭐, 혼자 다녀도 되지 라는 생각으로 혼자 다니는데, 신경이 안 쓰일 수가 없더라.",2021-06-01,2021-06-01 13:00,13,화
11,아빠 죽었다는 말에 눈물도 안 나왔어요. 그냥 내가 불쌍했어요.,2021-06-01,2021-06-01 13:30,13,화
12,선생님이 정신과 한 번 가보라고 하셔서 오긴 왔어요.,2021-06-01,2021-06-01 14:00,14,화
13,그런데 살아보니까 그렇지도 않아요.,2021-06-01,2021-06-01 14:30,14,화
14,저 꽃가루 알러지가 심해서 매년 고생하거든요.,2021-06-01,2021-06-01 15:00,15,화
15,빚이 무섭게 불어나더라.,2021-06-01,2021-06-01 15:30,15,화
16,그 생각도 나고… 여러모로 배울 게 많을 거 같았어.,2021-06-01,2021-06-01 16:00,16,화
17,다시 합치기엔 너무 멀리 온것 같구… 그래도 이렇게 가끔 친구처럼 연락하고 지낼 수 있어서 다행이야.,2021-06-01,2021-06-01 16:30,16,화
18,어릴 때부터 부모님이 나한테 별로 관심을 안 줬어요.,2021-06-01,2021-06-01 17:00,17,화
19,모리라고 고양이를 키웠어.,2021-06-01,2021-06-01 17:30,17,화
20,"회사에서 회계 쪽으로 일을 했는데, 일을 하다 보니까 대학을 안 가면 승진이 안 되겠더라.",2021-06-01,2021-06-01 18:00,18,화
21,학교도 그만뒀어.,2021-06-01,2021-06-01 18:30,18,화
22,"실수 좀 해도 괜찮다, 틀려도 괜찮다 생각은 하긴 하는데 잘 안 돼.",2021-06-01,2021-06-01 19:00,19,화
23,"작년 여름부터 대문, 트렁크 할 거 없이 제대로 잠겼는지 여러 번 확인을 해야 마음이 편했어요.",2021-06-01,2021-06-01 19:30,19,화
24,잠 푹 잤던게 언제인지 기억이 안 나.,2021-06-01,2021-06-01 20:00,20,화
25,그게 어떻게 모은 돈인데… 그때 일만 생각하면 잠도 안 와.,2021-06-01,2021-06-01 20:30,20,화
26,내 안에 다른 내가 있는 느낌?,2021-06-01,2021-06-01 21:00,21,화
27,인지능력도 떨어진 것 같아.,2021-06-01,2021-06-01 21:30,21,화
28,목이 졸려서 죽을 것 같았어요. 너무 무섭고…,2021-06-01,2021-06-01 22:00,22,화
29,아무래도 남편이 나 몰래 어머니한테 돈을 보내고 있는 거 같아요.,2021-06-01,2021-06-01 22:30,22,화
0,너는 남자야 여자야?,2021-06-02,2021-06-02 08:00,08,수
1,배부르네.,2021-06-02,2021-06-02 08:30,08,수
2,아 너무 배불러.,2021-06-02,2021-06-02 09:00,09,수
3,오늘도 너무 바빠.,2021-06-02,2021-06-02 09:30,09,수
4,퇴근이다!,2021-06-02,2021-06-02 10:00,10,수
5,너 정말 재밌다,2021-06-02,2021-06-02 10:30,10,수
6,우울해,2021-06-02,2021-06-02 11:00,11,수
7,처음에 그 얘기를 들었을 때는 너무 황당한 거예요.,2021-06-02,2021-06-02 11:30,11,수
8,"친구랑 한 번도 안 가본 빵집에 갔는데, 왠지 되게 익숙한 기분이 드는 거야.",2021-06-02,2021-06-02 12:00,12,수
9,요즘 보통 다 종이로 안 받잖아? 근데 이건 뭔가 했지.,2021-06-02,2021-06-02 12:30,12,수
10,"갈 데가 교회 뿐인데, 교회 사람들도 내 또래가 없어서 외로워.",2021-06-02,2021-06-02 13:00,13,수
11,내 마음이랑 상관없이 주기적으로 우울증이 오는 것 같아.,2021-06-02,2021-06-02 13:30,13,수
12,다른 사람들은 저러고 살아서 행복할까?,2021-06-02,2021-06-02 14:00,14,수
13,예전에는 재밌었던 게 지금은 너무 하기가 싫어.,2021-06-02,2021-06-02 14:30,14,수
14,경제적으로는 문제가 없는데.. 그냥 자격지심같은거예요,2021-06-02,2021-06-02 15:00,15,수
15,"그만둘까도 생각했는데, 당장 대출에 카드값에… 생각하면 더 절망스러워.",2021-06-02,2021-06-02 15:30,15,수
16,가족 중에 저한테 신경을 쓰는 사람이 없어요.,2021-06-02,2021-06-02 16:00,16,수
17,"한 2주 갔는데, 너무 몸이 안 좋아졌어요.",2021-06-02,2021-06-02 16:30,16,수
18,근데 뭐 내가 벌이가 있어야 말이지.,2021-06-02,2021-06-02 17:00,17,수
19,사람들이 이해를 못 해줘요.,2021-06-02,2021-06-02 17:30,17,수
20,대학 떨어질 줄은 정말 상상도 못했어요.,2021-06-02,2021-06-02 18:00,18,수
21,엄마 때문에 미칠 거 같아.,2021-06-02,2021-06-02 18:30,18,수
22,그리고 첫째 아이가 간 후부터 운전을 못 하게 됐거든요.,2021-06-02,2021-06-02 19:00,19,수
23,고1때 자퇴했어.,2021-06-02,2021-06-02 19:30,19,수
24,손에 잡히는 거 아무거나 잡아가지고 한바탕 난리를 부렸어.,2021-06-02,2021-06-02 20:00,20,수
25,잠을 자도 개운하지가 않았어요.,2021-06-02,2021-06-02 20:30,20,수
26,그날 이후로는 잠을 잘 수도 밥을 먹을 수도 없어요.,2021-06-02,2021-06-02 21:00,21,수
27,사소한 일에도 실수가 많아진 거 같아요.,2021-06-02,2021-06-02 21:30,21,수
28,그리고 매 순간 정신이 다른 데에 팔린 느낌? 현재 이 순간에 집중을 해야 하는데… 머릿속이 뿌연 느낌.,2021-06-02,2021-06-02 22:00,22,수
29,그런데 그 뒤로 가끔 눈에 헛게 보여.,2021-06-02,2021-06-02 22:30,22,수
0,"그래, 고마워.",2021-06-03,2021-06-03 08:00,08,목
1,지금 날씨 어때?,2021-06-03,2021-06-03 08:30,08,목
2,오늘 시간이 너무 안가네.,2021-06-03,2021-06-03 09:00,09,목
3,미팅이 많네.,2021-06-03,2021-06-03 09:30,09,목
4,곧 퇴근이야!,2021-06-03,2021-06-03 10:00,10,목
5,"응, 잘 보내고 왔지.",2021-06-03,2021-06-03 10:30,10,목
6,밖이 화창해 보이네.,2021-06-03,2021-06-03 11:00,11,목
7,당연하지 잘 할거야,2021-06-03,2021-06-03 11:30,11,목
8,아니야,2021-06-03,2021-06-03 12:00,12,목
9,너 정말 재밌다,2021-06-03,2021-06-03 12:30,12,목
10,앞으로 집은 어떻게 사나 싶어요.,2021-06-03,2021-06-03 13:00,13,목
11,이러다 죽는 게 아닌가 싶을 정도였어.,2021-06-03,2021-06-03 13:30,13,목
12,"다시 공황 증상이 올까봐 불안하긴 했는데, 버스를 아예 못 타는 건 아니야.",2021-06-03,2021-06-03 14:00,14,목
13,"엄마가 저보고 너는 니가 벌어서 시집가라고. 너 줄 돈은 없다고 하는데, 기분이 좋진 않았어요.",2021-06-03,2021-06-03 14:30,14,목
14,작년에 다이어트로 살을 20키로 정도 뺐어.,2021-06-03,2021-06-03 15:00,15,목
15,자기 전에 꼭 화장실을 가야 마음이 편해요. 그냥 자면 자다가 소변을 지릴 것 같은 생각이 자꾸 들어서 불안해요.,2021-06-03,2021-06-03 15:30,15,목
16,그것 때문에 너무 스트레스를 받았죠.,2021-06-03,2021-06-03 16:00,16,목
17,몸이 너무 불어난 거 같아서 겨울부터 운동을 다니고 있어요.,2021-06-03,2021-06-03 16:30,16,목
18,혼자서 뭔가를 해본게 처음이거든요.,2021-06-03,2021-06-03 17:00,17,목
19,원거리 연애라 그런가? 크게 심리적으로 가깝다는 느낌이 안 들어요.,2021-06-03,2021-06-03 17:30,17,목
20,서초동 쪽에 마음에 드는 집이 있어서 계약을 했지.,2021-06-03,2021-06-03 18:00,18,목
21,남편 사업 때문에 한국에서 살고 있어요. 갓 돌 지난 애도 있어요.,2021-06-03,2021-06-03 18:30,18,목
22,고2 때 왕따를 당했어요.,2021-06-03,2021-06-03 19:00,19,목
23,원래도 약간씩 가슴이 아플 때가 있었어요.,2021-06-03,2021-06-03 19:30,19,목
24,특히 밤에 잘 때 누워있으면 속이 이상해요.,2021-06-03,2021-06-03 20:00,20,목
25,그날 이후로는 잠을 잘 수도 밥을 먹을 수도 없어요.,2021-06-03,2021-06-03 20:30,20,목
26,그러고 사니까 살이 6kg이나 빠지더라고요.,2021-06-03,2021-06-03 21:00,21,목
27,움직이는 양이 줄어드니까 살도 많이 쪘어요.,2021-06-03,2021-06-03 21:30,21,목
28,다리에 추라도 달아놓은 것처럼 무거워요.,2021-06-03,2021-06-03 22:00,22,목
29,한 발자국도 못 움직일 것 같고 온몸에 힘이 빠지고…,2021-06-03,2021-06-03 22:30,22,목
0,헬퍼야,2021-06-04,2021-06-04 08:00,08,금
1,컴패니언.,2021-06-04,2021-06-04 08:30,08,금
2,오늘 미세먼지 농도 알 수 있을까?,2021-06-04,2021-06-04 09:00,09,금
3,오늘 날씨 말해줘.,2021-06-04,2021-06-04 09:30,09,금
4,다들 표정이 무섭고 딱딱해서 싫어.,2021-06-04,2021-06-04 10:00,10,금
5,평소에 우울하죠.,2021-06-04,2021-06-04 10:30,10,금
6,남들보다 뒤처진다는 생각이 점점 들어.,2021-06-04,2021-06-04 11:00,11,금
7,확실히 외로움도 덜 느껴지고 좋더라고요.,2021-06-04,2021-06-04 11:30,11,금
8,원하는 과에 드디어 들어갈 수 있게 되서 너무 좋아.,2021-06-04,2021-06-04 12:00,12,금
9,어떻게 뭔 치료가 없을까 해서 그거 알아보다가 왔어요.,2021-06-04,2021-06-04 12:30,12,금
10,"언니는 커튼을 자주 치는데, 제가 자꾸 못 하게 막으니까… 집에서 나가고 싶대요.",2021-06-04,2021-06-04 13:00,13,금
11,그거 때문에 병원도 계속 다니고 있고.,2021-06-04,2021-06-04 13:30,13,금
12,졸업 사진 찍어야 해서 다이어트 한 지 두 달 됐어요.,2021-06-04,2021-06-04 14:00,14,금
13,나는 새벽에 공부하는 편이라 항상 늦게까지 공부한단 말이야.,2021-06-04,2021-06-04 14:30,14,금
14,엄마 때문에 미칠 거 같아.,2021-06-04,2021-06-04 15:00,15,금
15,주저앉아서 쉬다가 일어났어요.,2021-06-04,2021-06-04 15:30,15,금
16,그래서 시부모님을 저희가 모시고 살았어요.,2021-06-04,2021-06-04 16:00,16,금
17,원래는 없었는데 편의점 알바 한 후부터 이렇게 됐거든.,2021-06-04,2021-06-04 16:30,16,금
18,술 마시면 취할 때까지 끝까지 마셔.,2021-06-04,2021-06-04 17:00,17,금
19,길 가다보면 이상한 종교 집단에서 나와서 전도하는 게 많잖아요.,2021-06-04,2021-06-04 17:30,17,금
20,일부러 운동으로 몸을 혹사 시켜서 거의 기절하듯이 자고는 있는데…,2021-06-04,2021-06-04 18:00,18,금
21,생리가 규칙적이지 않아요.,2021-06-04,2021-06-04 18:30,18,금
22,근데 그걸 먹고나서부터 속이 너무 쓰린 거야.,2021-06-04,2021-06-04 19:00,19,금
23,밥맛도 없고… 잠을 깊게 못 자요.,2021-06-04,2021-06-04 19:30,19,금
24,"눈을 떴을 때, 내 눈에 잘린 내 팔이 보여.",2021-06-04,2021-06-04 20:00,20,금
25,"평소처럼 중앙자리에 앉았는데, 자리에 앉고 나서 10분? 20분 쯤 지나니까 손발이 저리더라.",2021-06-04,2021-06-04 20:30,20,금
26,목을 돌리지도 못할 정도로 아파요.,2021-06-04,2021-06-04 21:00,21,금
27,"회사에 신입이 들어왔는데, 눈치도 없고, 하나 가르쳐줘도 다 까먹고… 답이 없는거에요.",2021-06-04,2021-06-04 21:30,21,금
28,지난 번에 인터넷 하는데 다음 카페에 내가 어제 한 일이 시간별로 다 올라와있는거에요.,2021-06-04,2021-06-04 22:00,22,금
29,온 몸에 힘이 풀리더라구요.,2021-06-04,2021-06-04 22:30,22,금
